02B7
0BA3
0AD3
FD44
0674
0511
0B52
FDCC
F8C9
05E0
01D3
FBF5
F89B
FC92
FD47
FD13
FC95
03DA
FEB8
FDF7
FD2E
0107
FE48
FC21
F73E
06A7
06BF
FA1C
FC81
FCCE
FD75
FFFA
FE02
022C
F72F
0250
F9B2
0290
FBA2
031B
0432
FCC3
00B7
FCE1
0477
06FE
F6E8
FBE9
0C48
01D6
FF50
01FE
FC8E
FADF
0516
F9B2
04A2
FEBC
01B3
0B5A
F785
02E1
FE79
FA19
FA2E
FEA5
FF1F
079F
0156
FFB2
FE19
0465
F7D3
085E
F8A3
0080
FBDB
FB11
01FE
00C8
FE6E
0082
FFA8
0BA8
07BD
0001
FBA4
082C
F5E8
FE10
FAD2
FF61
07AD
03BA
01C4
0003
0AAB
0CAA
0DA9
05CE
FA4A
0500
03B6
F834
FD68
001D
FE01
023B
0BEC
0575
FD45
0582
FB6B
0890
0027
F586
0184
08EC
0281
FA44
057A
F833
FBDC
FD75
F5B6
FFFB
0D2D
FD64
01E9
02A1
0695
022C
FBEE
FEC6
056B
FAF9
F31E
105F
0A44
F7E3
08B8
FCC3
0B72
00C4
0DFD
F911
F4F5
033D
FE71
049E
008A
FB55
07E3
FFDE
0A8E
00EA
F910
F6D9
F464
F8BD
0A80
06B7
034A
FAC0
05BD
03CA
FB4E
FA05
00AB
020C
0402
0444
0F6B
069E
F8C0
FF82
01EF
08A9
05AF
0322
0F40
F9D2
017C
FEFE
FC7B
F56B
0475
FCE7
0265
03C0
010A
0120
FF98
04E5
0166
FB2B
13AE
09D6
03A6
02AB
0086
08E6
0312
FDCB
0777
0452
FE67
F999
F933
FA11
F158
F947
FFA1
0C53
FA66
FBFD
00B6
0AA2
002A
FB0E
0C7B
01CA
FD86
F4BA
0136
138C
0714
01E1
FDC7
0EF8
030D
029E
FA6F
F88B
04A5
0252
001D
F4F9
FBF3
0485
07A0
FBDA
F633
F2D8
02AD
0423
0519
024F
F9F8
036C
015B
058A
09BC
08EC
0553
F6DC
F13D
FA27
F335
F665
036D
06DA
FFA6
0048
001E
F7C1
FF3B
F42C
069A
FB20
FF3B
F8E6
0119
FCB6
F5DD
FF93
08BE
0191
066B
FA32
F779
FA7B
FAF5
FF20
00CE
FC53
0D50
F9F0
0099
FC20
F7AA
FA0C
FCA4
08F3
FBDB
FCD2
059E
03ED
00A0
0BBA
045D
0336
F96E
F54D
07A8
FFD8
FAEB
037D
FB88
05B9
080D
0301
04C4
06F0
FDAA
F44A
FE49
0453
F2AD
01BD
FC63
0250
FAFC
0924
FE23
FE1D
0288
FA6D
0362
07CD
F906
F99E
0464
FB64
07C8
0427
02D0
FE0D
0245
F80F
FFAB
06C3
02EC
F848
0542
0610
0C46
0A7C
FF0B
0515
04E2
0381
FCC4
FF8E
07EC
FE5A
FE2F
0207
0B71
FF89
FC47
FC7A
01EE
F516
0545
F727
F87D
0BF5
F911
05F3
FFBE
0347
053F
039C
FAA3
007E
FF6A
F7B3
031D
0689
02FC
021F
FAD6
FF42
FE74
F9EA
0722
F81C
02F7
0B51
F8DA
01F9
09BB
FCC6
FD5A
F1F5
03D1
FC6D
0313
FD2A
028A
FDA7
0636
FBB3
05E0
F883
FE11
FF20
FF56
FC11
0040
FCDB
0272
0522
FC55
FD8A
03CB
066E
0664
0235
FE5A
FC93
0A1F
05DC
0043
0730
F679
F870
FDD5
FD44
FC56
FB3E
FA34
0734
052D
FF37
0511
FBDD
FF8D
0242
01DB
FCCE
0215
F8BD
01DF
061F
F9EC
F7BA
FA61
0578
0422
FED6
06FD
02AD
06D8
067D
F957
01B1
016B
F821
0316
013D
FF3E
0453
02A8
04C0
00D5
0C26
FEB7
019E
FF97
F485
FCBB
075A
0716
0872
014A
FCA1
004D
01CF
FD5C
0691
0126
02DB
FDFF
0149
07C0
0085
F88F
051F
F96A
05D4
057E
FFD8
05F8
FFDE
040C
02EB
008A
FE69
0720
0297
046C
0BD0
F859
F779
051C
FEFE
02D3
FC6C
FFDB
0073
F856
FDE4
0463
FB0B
F716
FC68
045C
0546
0427
FEDF
F638
FBD1
FAC8
FA97
03BC
0492
0745
F9C6
0A74
032D
F73E
F9F0
FACE
0743
0AAE
FEF7
04E3
0B65
FFFD
0069
097F
F987
FFD4
0744
FAB1
004C
FBB5
086A
F9AE
FB7A
0A57
05C1
FB9E
F9D0
FD0D
0848
03FB
FD18
FD4B
FF64
FB19
FEDF
0975
FAE5
01B3
FE10
F9CA
02A5
F8D7
0253
F94A
FE72
FED5
0551
FFB0
0619
02B2
0551
0768
FFE8
0ABC
FB54
FF4D
07BC
0980
F7A7
F8FA
065F
FF4D
0B1F
FFBC
FD0E
F921
0560
FC48
0354
FF8E
023B
0101
FD7C
FE06
FEE4
0634
FE87
0860
F7C6
F790
FBB4
F7E3
0794
F578
F585
F7BB
FA1C
F96F
0504
00AF
055F
01AE
FB00
FEB1
FEF3
FE2B
F4D3
F26A
F91B
0668
0522
FEBF
06FD
FABC
FA6B
FFA4
0938
F6A6
0305
EB10
02F3
0AAD
FA9C
0021
F22D
000A
FCF1
050A
07AC
FD8D
07DD
FA01
012C
04BA
0010
FAFC
075D
0561
03E6
083D
FB55
06A4
0485
FA10
FD8E
F80C
FD52
F90D
0041
FE9F
0713
074B
F8E3
0365
01A8
0007
0B2B
FC53
FA1B
FBFD
08BC
069C
0624
0114
09B7
F7E3
0D38
FCE8
F911
01C8
0FDC
0527
FB59
F8C6
0561
FE45
F9FE
04FD
F92D
F809
F90B
FF0F
F63B
F976
03D4
05FB
F518
0439
08A7
F9CB
FA2B
0166
FAB5
0135
029F
05A1
FB88
F9C6
0630
F862
0473
FAD5
FA36
FCD2
054C
022A
0216
02CE
F935
093C
058E
FBFA
FF4D
FB4D
FF3C
003D
0399
0325
F91C
00E9
FB72
0644
FD55
F8CC
F7AB
0496
00D8
FEDD
0415
07BD
06E0
FFBE
08A9
04C2
FBCF
F7CF
F80F
05C4
FD5C
0928
F8D7
03CC
0172
F92C
05E1
FBC4
FEE1
FB95
030F
0085
02ED
0328
FA06
0750
0991
F317
FE6A
00BE
02A1
097E
FDA4
FDE6
02D2
F9B7
FCA6
013A
0DC4
F937
FF35
038B
F9EE
02AD
0617
FE19
FD9C
FB49
F7F3
0022
0552
FD6C
01BB
FBCB
FA29
F97F
0816
FE03
FE12
FE19
F16C
0204
03A6
04A4
0974
026E
F8A8
FF06
FFE6
0849
FCCD
00E3
FD7B
016F
08B0
002B
FEAA
FA0C
F885
F9D2
021C
F874
0237
F75C
FC2B
FBE2
FA11
06FC
085C
F8D3
FDB3
04EF
06F6
F3B9
09FE
FDD6
FE52
FC26
01E4
FFF7
0642
F702
0244
FC3A
0477
029A
0420
00B7
FCD6
0807
F483
099D
FC67
FD9C
FB7E
FECE
05EA
F85B
0617
FE7C
FE12
FE36
FC07
059F
0283
0A60
F4E9
00F2
F9A6
F9B9
04CC
F7F5
F99B
0347
FF71
086A
F83A
060D
FDAE
03F0
0320
F880
0429
0650
FD40
FBC1
00FF
0CD5
FB60
FC91
FB55
FB8B
07DE
FF6F
07B5
FC11
F93F
FC22
032C
039B
FAEF
0645
F85E
FD17
0072
FC96
F8D4
FB52
06EB
02DB
EDC3
0A85
03A2
03B6
0574
0624
FC88
FEF1
01C3
F837
F922
FCA7
FDBB
FCAE
0085
FAE3
F448
0B06
FC31
FB7C
031E
04AE
0B88
0590
FE17
F985
063E
FEB8
FAFA
FE8F
0233
0B3D
03CC
FA7B
FA69
FD0F
047E
00F8
FA5A
FDCE
0442
0494
09A8
0242
FFD7
07CC
03A9
07F2
0425
F848
00F0
0196
0229
0327
06D0
0308
0744
FD30
FCAD
047A
FD72
F67B
F332
0612
0062
06EF
FD27
F6B3
F977
08D2
FF62
FB20
F685
FE0C
009E
FC6C
0865
FE18
FEB2
F89D
0426
FCBF
0575
06AA
FBEC
F9C0
FD04
FBEE
FC80
0C6D
02FC
02AC
F981
F9AE
FB5C
FC08
0A33
02A7
0621
064C
F6AE
02E6
006A
FA96
0596
01DD
F25A
038E
07C3
00C2
F92F
0222
0212
FF92
FA10
006F
FBC5
0596
FDA4
FE49
00A1
03D8
0594
FE33
007B
04AF
FD0F
FB02
F7CE
F798
01D0
FD69
FE1B
0286
FBF5
020F
0180
0115
0212
09C3
035F
0332
04AE
FDE3
0413
F933
F113
0511
FB29
F9E5
F630
07F3
F8A5
0423
F679
FDE4
02C4
FB0A
0479
0618
07A4
05AA
FBE2
01C7
0900
F802
FD74
F5C2
08CA
F617
06A3
FF38
023E
FA83
0429
F92E
06AA
01D1
03F0
FC85
06D1
F70F
03A3
F728
05C5
0549
FCDE
F774
05F9
FED8
0071
016D
FABA
0A2A
FDAC
06B9
03E7
FD06
03A6
01EB
FC34
FA3B
FE12
FC89
01A3
06B0
FCF7
FAEA
0376
FC23
014E
0822
FEC3
08AB
0063
FACF
0204
033C
068E
06F5
0093
F73B
082A
0545
F8F0
FDB7
F641
068A
F9AA
F9DD
002F
F7A6
FF75
FBAE
FD15
FC88
FD95
08F6
FF97
F79B
F5B4
0674
0190
04C9
0114
002C
0199
F50B
F9A6
0684
028E
0528
FD8D
F4F0
FDA6
FCDC
F49C
09DF
0061
FF07
047A
F94E
F22E
F901
01FB
FEE9
FE7D
0031
FE1C
009D
FF97
0A16
FE0D
0AD1
025C
018B
0592
015A
0440
0482
FF9A
04A3
F95A
0718
FC06
0929
0018
05E3
FC11
FB7B
FD51
FAF2
0382
F443
039E
06F5
F779
015E
03B5
0009
FF95
F9B6
0029
0C46
079C
01D1
034F
FC00
0505
05BF
FBE6
02FF
FA92
FBE2
017B
0725
FF3A
F8A7
F292
FE65
FC5C
0129
FBB6
0626
F4D0
FAD6
F81D
FDA4
FBA1
F34B
FAC8
FACA
FE11
015B
F8ED
FBB7
02DA
0178
FB98
FDC7
FF3F
05B8
FFE0
05B1
0224
0386
07CE
008E
F8BD
0188
0157
047C
FA59
FBED
FB39
01CF
06E5
01D2
FCAF
F863
FA22
F541
F97B
FC10
06D3
FD7E
0AFB
0723
FA61
0301
FB07
FFA6
018A
FF9B
0128
02C2
0353
0365
F803
0106
F9AD
029E
F9E1
FC69
055A
029F
FF00
F613
0185
0403
045D
0339
0321
F029
04BD
FEC8
021F
08D2
0704
01F2
F575
04E8
0A8E
FAD8
F9AF
0092
FED7
FC41
FE77
03F4
03AF
F775
0610
FA91
005E
0095
FAC3
00CC
011D
FB9B
0BB7
0661
07D2
F6B9
07F7
0D55
0924
0562
0314
FA22
01C5
0285
FD59
0576
FAC2
035B
0637
02AD
00AB
05B5
FC5F
00B0
FE84
F884
03A9
FE8A
F930
04F2
07D2
FEA4
015F
FA10
FE61
FB9B
0933
077C
048C
017F
057A
FF27
FD93
09E9
FBE3
081E
FA15
FDB7
FAEF
F3B5
0600
FF01
0553
03B4
FD15
06B3
FD1F
03FC
064C
FA0B
07EA
F890
06A5
00CE
FD2F
05B8
05DB
F854
FFA8
008D
023B
0C0E
023C
051F
0084
02FA
06CF
037A
FA09
FD32
01C0
FD72
06C0
0814
FCE7
068F
039C
FD43
FD32
0962
034C
0747
06D0
F268
FB63
FFF6
FF58
014B
FB25
0679
0327
FA5D
0597
046E
0469
FF72
02A5
F886
05F1
FD45
065F
FEDD
0316
0380
FBCE
FFDF
0745
0A27
FF90
FB86
FEC2
FB26
FB70
FCE6
0458
FF48
024C
053C
07F0
0422
F9A7
08AD
0244
032D
F95F
0761
006B
000B
02AA
FD76
025C
FFE5
093F
F915
03E1
0211
03E3
0019
FF8D
029A
020C
FF56
FABE
08A4
07AF
04EF
03AF
FA20
F8E5
01B2
0B5C
FB62
FA01
F98B
FBDD
0549
FDE0
07FE
071C
0429
031E
FD84
0972
076E
FFDC
FA86
012B
05F9
FF4D
0689
FD55
FDED
0169
0351
02B9
FBB5
F6E4
0526
FAAC
033A
FBDE
FB52
FDA4
FB3F
0385
FB19
0A15
FCC6
024F
0049
FDF2
F5D0
FBD8
FA79
FF69
0920
FB0D
029D
F86E
FFD5
0318
067A
FA23
03FC
0851
F1CE
0219
00D1
FD76
FD9C
F85A
0434
00F2
FBA3
0804
03C6
034B
099F
F7CE
050C
FCB1
F5C3
F840
0411
FC78
FDD6
0979
0005
FF3A
FCC2
F896
0274
07C0
FC2B
FFAC
08F6
F9E6
FC25
05B6
06C1
00AF
0558
FD63
063B
059A
084B
00B4
FC7B
FEC2
0767
FA57
F33D
FE18
07E8
0648
FAAD
FF75
FEAC
FFE4
023F
FC77
03E3
09C7
F89F
07B0
00C3
0079
F9E7
FFDA
FB5D
06C7
02EC
071F
051E
FA15
FA9A
FA8D
F982
0703
02A3
EF25
FF20
028E
0553
009E
09E2
07F7
FDAD
05C0
0967
035B
082A
FAEB
07E8
FF46
02D4
FFB0
0812
F594
0823
0D50
FFB3
05EB
069C
FF1E
F360
FC94
02B6
FF0F
FF5C
FB79
0906
0059
FDF5
EEFB
04C9
023D
FDA3
074F
003B
F9BA
FF57
FE9D
FD41
F5A8
0047
FE51
FAC8
F9B0
00F7
005A
FF74
00A9
124C
08B4
FCE6
FFFB
036D
05B8
FA26
F8AF
0552
0647
060B
F95F
0267
F4EE
F711
FA4F
0354
FEFB
03CF
FE95
01C2
FA3E
FE8A
0621
0909
02BE
FCC7
F857
F9D6
FB00
F9C7
F141
FD44
FC24
0588
FEA7
094F
00D7
0642
0567
021D
0692
FE17
FE21
FD44
016C
01AD
0434
03BA
06B3
FD50
F854
FE88
FC5B
FEEE
072F
04F4
FF1A
FC75
0C23
FC36
00F2
F99D
075D
FCCD
03B0
009D
F95B
FE14
FEC0
003E
FC3F
FDC2
F93E
0872
0292
0A23
0783
F864
0973
FBF1
FF31
FE64
FC3B
FF08
FA2B
025D
129B
FC41
044B
FBF1
F93C
FF61
0749
FF0F
F7A7
009C
0315
08EE
F86E
00BB
08B3
FF62
08E5
FD91
0E0E
0253
04ED
0150
0700
0111
F6CF
0634
FB3A
FCF4
FAB7
0995
F481
0214
0548
057F
03D2
FDCD
FD15
FB33
0807
FAFF
FF61
0544
0104
015E
FACF
00E6
FB31
FA11
FE9E
FAD5
08D5
FBED
FCA2
02FA
01B0
0269
03BD
06F4
F958
0637
0831
016A
0321
01B2
022E
0044
079A
08A3
FE38
F822
0332
FE67
FA5C
05C1
FFEA
F98F
F81D
F895
FDAF
08C8
0476
0426
F846
0179
F986
FCAF
FA31
0796
0225
00A8
070F
09D8
FAC3
04F9
FC7B
05A7
0688
0112
025C
029A
0207
FF85
FE7F
060B
045B
0786
FCB5
FB2E
0333
FF25
00EC
FD70
0736
05C5
0628
0851
005F
F83B
FEBC
0820
F63A
04E1
FE2E
FA5C
03D7
F775
0587
0656
FBA4
00F2
F9C2
0737
0006
F8F5
04A3
058A
FEF5
FBB5
0181
0284
051D
0260
05ED
0821
069B
0863
02CA
FA7F
FE91
0C07
0D18
FE94
FEB2
F9FA
FB69
0BC1
FDCE
0360
F934
FD22
0AC5
04CA
FA64
FBA8
09BB
FAC9
FC50
0426
FD8A
025B
06D5
FE67
FF7B
0153
0758
01AF
0146
FE34
FFDD
F994
FA48
0973
067E
FE7D
FFBD
059D
014D
0422
097E
01D3
FF58
FCC4
FCC2
F557
F8E6
045F
08EE
0469
FE96
F88F
0883
089C
FA47
FD11
021C
00A3
00E6
0060
03F2
FB0B
02FC
FBFF
FFF1
06AD
FE48
0539
FDF3
05F9
06AD
09A2
FFDC
F7B3
057C
0515
017C
0545
FB4E
0210
F961
0078
FF3A
091D
0422
FF01
03E1
F95B
FAE6
0835
02AE
FA34
F9D2
FEE0
FCE8
FDC6
04A1
086C
F9A9
0769
FC6B
00A0
FCF6
FEB5
FEA0
005A
FF3F
0031
01B5
FE31
0312
FF7F
F57A
FECB
FBD1
FBB5
096B
077E
03AD
079F
1131
FF4C
0132
010E
FA32
0502
FD99
FD11
0289
FFCD
0250
FF72
FBF2
01E6
053A
FC14
0275
FFE8
EFF8
0575
015A
0093
F98F
FEBB
F893
03F8
088E
FCC5
FD41
FC41
FC3D
0829
0057
0621
FC58
05EE
083F
FA1C
0441
FE86
0724
F8E4
09F6
FFA7
046C
0D66
0054
FECA
F38E
0440
F8DA
FE57
0AA4
0728
FC00
05DB
02B7
0496
FA17
0069
FD35
04C8
F6A8
0083
0047
F9C2
06D8
0393
0072
076E
0457
03C3
FF3B
FB8D
FCF5
0520
057E
F5C9
FC5E
FD7F
03FF
F9B7
073A
FC86
FEBB
0598
06DC
0003
02E3
FD3F
FD9C
FD30
045C
0715
FFE6
0882
02E7
F9BC
FC64
0168
F5DA
0010
FBA1
0264
F6B8
F5FE
F5B6
F6C7
FC46
0056
0211
FA41
F77B
F9AE
F62B
0621
0433
08A4
0563
01AD
0160
0066
0120
FD1E
FFAD
FA52
FA38
F63D
F5E1
0621
FD19
FE58
0850
FFB1
FB19
072D
0810
0519
0706
F7AA
015D
EE2A
0570
F844
0381
009B
0333
FCFF
FA48
08A0
00D6
FE72
FAA0
FF94
F728
FDDE
0456
0311
03DE
FF1A
0211
04E4
FD75
0501
F6A8
FB9C
0560
0776
022B
F971
017D
09C8
F965
F898
02B1
0261
0282
0974
FA5C
0C3E
0428
FA4F
0290
02D2
0AEB
079D
FCD7
0758
05E1
02A1
F908
0056
FFC9
0673
0147
FDF6
0031
01CA
F9C2
FD3B
FF8E
05F7
017C
0705
0D2F
060A
0367
FE8A
FD30
02C0
FA91
00F4
FD4D
034E
00BB
FEF7
FD39
0127
01F4
0C37
FC1D
F9D7
011F
0089
FE88
04F9
0616
0731
FFF3
FF33
0065
FA4F
0373
027B
07B4
04D0
F5D3
F6D6
0523
F9C2
0448
FED6
0161
FA55
02A8
095C
FA9B
060C
FA51
032A
FB89
F41F
07D6
FA3F
071A
04F3
0974
FF4E
F8C7
FD4B
0514
0860
038B
FE46
0415
0A29
FE12
F92D
0542
04D4
F3C4
0288
080A
FE16
FEBE
FB80
F8C2
F798
FC61
0570
0936
05EC
0391
0584
07B8
FA63
F650
F729
FB9C
FB66
F948
005D
FB34
F973
08EF
08DA
06A0
FC2A
F967
01F5
0464
0178
FF50
0A3F
F39F
FDBD
04BA
F7B5
0670
FDFD
04F7
01DD
04BB
FE44
F6EA
FB58
05E8
FDDF
063B
025F
004F
FE6C
FB6D
0063
F943
FED7
0189
FFDD
F5AB
03B1
0504
0894
0060
FAAA
FB8F
F8C9
FD50
FCC9
FD93
01C8
05B5
F95C
FF61
FB20
FDB2
FE8E
FFFC
F89F
06C5
FD2E
F8F6
FBAD
F640
0340
F164
05A3
FE13
07F7
FA98
0C2D
FC34
0627
F941
F461
028F
0366
FF7F
064A
01E8
F6A5
F95C
0769
05A5
0031
099D
0038
FF60
F994
FF83
09EA
FC62
F7E8
0609
05A0
F675
F6B2
FE65
FE38
F94C
FEE4
F561
038F
FA0D
FEE3
F4CF
FBD6
F2CB
F96F
FE82
03EC
F0E9
0746
021C
F718
FC57
01C4
FB73
00EF
0858
FCFD
FE53
F613
FD19
04E5
06BF
FE54
F8B2
0940
067D
034A
058B
0562
02CD
FDFD
FAA2
FB8A
FE14
0783
FE26
0747
0385
F9CA
01D2
00BE
0636
0B60
067F
00C4
017B
0564
F95D
FD3D
FA2A
FF19
FCD2
F4E0
0415
0371
00D6
FF5B
0465
080B
02F7
FD5A
F8EE
FFF8
F902
FCF7
03EE
F71F
02C0
0986
FBE3
049A
0726
0A5C
024D
FC7F
FD9B
01F3
FD7B
FC90
FD6C
FBBE
0411
EFD7
0AFA
FDE8
FC71
0572
09F2
04E2
FA1D
FDFA
FB23
FDD8
FFD7
0743
FE71
05D0
0015
FA97
03E1
FD74
FF47
0022
F3CF
F4E1
FF4E
FC51
0421
0357
FC95
001E
F96A
FE5E
0723
0512
070E
F974
FEB7
0665
F56F
FDE7
0740
0415
FB67
F9CE
05CF
FCF0
0048
F53A
F9A6
F6C5
F367
09CA
F9F3
F784
FDF2
FE6F
07CA
0B3D
F725
F95D
003D
F459
0546
068E
0775
0705
FEA5
0238
FF71
FD72
FC6D
F661
FE9F
056E
0342
FD19
F816
FC3A
FEE7
0D13
F1B8
F749
FAA2
0770
FEB0
FF04
03C9
F81E
FE8D
FE17
F1A9
FBB8
04D5
0073
03F9
067C
FED6
08F5
FFE0
00D3
00EE
0B31
0467
F9A4
FE05
F930
049E
FCA5
02C6
0608
0C31
06DB
0247
F4BF
0309
F6D7
F758
F61F
0430
FE44
F9E3
F8B1
FED1
03FE
0476
094F
0663
F5EF
07CD
0378
01A2
FA39
053F
0E45
FFDB
FBD7
05DD
FEC7
0CD9
FEEE
FF49
FBC2
0001
FE08
F7C8
031D
FC08
FA6C
F8E2
0FEA
FE03
0634
0226
0178
FDBF
FAAC
0441
F8AA
05C4
FCC8
F399
FFA0
0418
F8E2
FBF9
043A
02D4
FD67
F3B6
F631
FAB0
F9E5
029A
0341
F3C5
FB56
030C
FD43
FC0C
03E8
0A76
FD3E
F93F
F906
F220
0BA3
07A6
0919
FB6D
FA06
00C1
FB26
0008
0CA8
FB3A
0F41
0471
FB19
F85B
FD54
FAD6
F987
0906
F7A7
0525
FBB2
04A7
0259
0BF8
0A37
FD0E
FD5A
FE80
01A9
089D
062D
F03E
0732
FD89
FA7A
04F7
FBE4
0887
031F
F725
030B
F681
F4A3
F74E
02D7
F61A
F851
0347
F3E5
FF4F
F2FE
FD92
08A4
0059
04A6
064B
08AA
059E
0606
0155
FBCD
06A1
FC1E
F508
08E6
0392
0127
F811
05B5
F887
04CD
01EC
FE5A
00E0
0137
F8DC
0177
F8AE
FB6A
F2D3
FBA6
0980
FDF3
F9DD
00B2
FE05
040C
01F3
0011
00C8
F4A3
03AC
F339
09E7
FE6D
04D4
0222
03E7
0291
08A5
0A39
056C
FCF1
01DF
01FE
0770
F74C
0768
F8DF
009F
02FF
FE5C
FA4C
FDF4
FC17
F6D6
0542
F78D
FDB7
00CE
04FD
FC4E
0621
0C21
03BD
F3BC
EEED
0E0D
0D3C
05EF
0351
041B
F912
FB81
0201
00BF
0135
0211
FB4E
FB4F
02C7
F90D
FDF2
080A
0874
F9E1
FCED
0AC7
0B7E
F7F1
F4E7
08C3
FF85
05F9
0681
FB9A
06A6
0091
FE5C
0212
F7A9
0706
0D5D
0365
038C
FFEB
FD1F
08F9
05AB
FFAB
08F1
F37E
0AB7
FDA8
FEDF
0AA3
F517
F8DE
095E
00D9
FCE3
FE32
04EC
FD2A
FAAD
FE2D
F405
0429
00F4
0060
F3DC
012A
0702
0545
F68D
FD3F
F971
FCB4
FE8E
FE00
0325
FDC9
FE55
FE17
FAB9
FC0E
098C
F5BB
FF18
F6E1
0484
05E8
FBDA
0BE2
11B5
FEF7
03E7
09F2
FBBA
F8ED
FBCA
F8BE
F7C5
04FF
FBBE
03CC
FF99
FB2F
0E90
03D1
02EA
03F5
0446
0208
FD64
05E0
FC52
FEF2
014E
FC3C
F94C
F9A0
059E
00D5
F76C
FAFB
0A8D
0008
09EE
FDFD
FB7A
F5F1
FD3F
0113
FCD6
FFE6
0899
03EA
FBFD
FC4D
09D6
01C8
FF12
0242
FBA9
FCAC
FDAE
F947
0228
FD06
0147
F86E
0464
095C
04F1
03FA
027B
05FB
F9F0
FD12
01A8
FFB4
FE31
F564
F843
FED9
FC4D
03CB
02DF
F9AB
0001
02C2
FBA7
004B
008E
0620
FFFA
0747
FBE8
06A3
F4F0
FF1F
FABE
07A3
F700
02FA
0485
FAF9
0883
FFB2
0497
F814
04E2
0930
F72E
F3AD
F629
FCDE
0A06
0245
FBA5
0549
066A
FD7D
0316
EF55
FE37
0673
FD6C
045A
FC28
07A0
FA38
072C
0376
0064
FB53
F7B0
FF83
051D
FE53
0971
F644
0396
FDF6
04C0
F9F1
0258
0014
0119
0237
062C
FA1C
FEFB
00C6
0638
F598
05F2
05FB
FD55
0733
FD2D
0223
0530
F66C
0599
02DC
F7E1
00C9
FE36
01E0
01EC
F87E
FF90
08DE
F549
FDC2
0904
0841
FF95
FCC3
000C
FEBC
FA28
FD40
01EC
FA6C
02A3
0122
FC38
0A96
FFB4
0909
FBA2
FAAA
0728
FDBF
006F
09B7
FB4C
F79B
02A1
0070
0926
FE45
0172
0733
006C
F774
0857
025B
0679
0384
021A
FD52
03A2
F840
0B28
0807
FC7B
0991
076F
05DA
04E1
01C6
0774
0011
020A
044D
074B
0371
FF12
08D7
0363
0218
03F5
0625
FCE4
02A8
FE01
FFF2
F8EC
FDCE
09C4
FD41
0903
015B
FC82
FF55
092F
02BD
055B
FE3A
03A2
0637
0328
FBB2
FDEA
FE60
FC93
F955
FFB5
F91F
FCAC
0215
F902
06D4
07D2
0752
F4C1
F8E2
0347
FD1C
FA03
0A42
0599
004B
FA35
0AF3
FF47
0798
FE73
03E2
FA48
027A
FA61
04BF
FAA8
03C4
0664
01EC
046D
0AE0
FC89
FD34
0870
05C0
04FB
FE41
0330
06F8
F3B5
F912
FB3D
04C9
FA47
0021
001B
F764
025C
072F
0F0F
FB32
F5AB
0F0E
FE16
F615
011D
FE14
05BD
F2D5
04A7
09BE
FE71
0433
FFFB
FAF9
05EC
0040
FAC2
036E
FFDF
0497
F63D
011E
F6F4
F2E8
07A6
FC9F
FA6A
FF57
0841
FC1E
F72E
07E8
FCDC
090A
0460
FB71
F74D
0454
0068
049C
ED91
FD76
0353
FFCE
F984
06D7
FAA3
00CF
0692
FFE9
0932
0269
FCF8
074D
FA2B
FBCA
0313
FBD0
060F
072D
0469
0095
FDD8
FB51
0D98
02D8
FCEE
02B1
0BAB
FB21
F9B7
F8B3
0226
0672
FB82
03E5
FADA
FF11
F593
0546
024D
F752
047A
FAD4
05B8
033B
00C3
FC2A
0B7C
F6DE
F73D
F4F0
FDE2
FE62
049B
0107
11B0
095B
0B10
F8AC
FB9F
02D2
FCFD
FD28
023B
023E
0963
0476
FB28
FABC
0517
017D
0821
0917
132D
FE14
F8ED
F1DE
09F5
067F
FDC2
F7EF
F47D
028A
062F
059B
0139
0220
F797
0284
F343
F6AC
FC5B
058D
01E1
FF33
FD9A
FC0B
0854
0075
0933
F5E9
0310
FB3B
080E
F6A4
F8C3
F738
FD04
FB1C
047E
029D
F817
03A4
FCE9
F8D8
F533
0BBE
F52C
01C0
F92D
0B73
0576
07C4
FF68
07F1
FE3D
0039
FCC7
FDA9
0410
FD15
F923
0098
FD00
0850
00EC
FBD3
FFF7
06F9
013C
FEC6
F800
FA06
FF0C
0114
FC65
0B62
FC9B
00B4
044B
0019
F981
085A
FDB7
029A
FC40
FB05
FA48
F7CB
05B0
017B
00FF
0B1E
FA39
F8B6
045B
F8C6
006E
F430
F770
F381
F981
0544
00CF
FB98
F4DF
FF04
FFB9
038D
04D3
FC8E
0010
01CB
0692
FDC3
038A
0068
0942
03BD
060F
07AE
00EB
FF54
007D
F540
FADE
0849
0398
0019
0821
FEF5
FE51
FDCD
F965
F777
0BAF
0533
042A
0430
FD96
0771
030F
FE25
F5DF
FABF
027E
011A
00F8
054B
F9EC
FD58
FFD9
10C0
052B
0A58
0322
FD5C
0363
04F2
FC3B
05C9
0385
F79D
04C9
00BE
03C9
044D
0725
FC6C
F8AC
0021
08C2
F9F9
FCA9
01D2
F2BE
079D
FDDC
05B0
056B
FF99
FAAF
0648
F75D
06D9
FC1C
F8F3
0500
FD5B
0276
0133
FA2F
0032
FC88
F911
00A1
038A
01F2
FE84
075F
FBBD
FC9E
0A69
FE40
0752
0466
FB37
FA99
0DAA
00C8
04E0
037D
0451
FB8D
077F
0685
FCB8
071E
F552
0212
02E2
FBB5
FED3
06A7
0269
FF4E
FC7A
00C9
01A2
037F
05CB
F9F2
FD51
07E0
FD15
001A
FF31
F7C4
03CC
FF60
FA2D
0C16
05E7
0707
0043
FFCF
0091
053F
0462
07B1
FD05
0038
FC5F
01FA
FBC6
06A9
0214
0633
FE84
F30E
FF8C
FB2E
FCFF
FE2B
0565
FA5D
FCB3
0400
03A7
0277
FAA5
F682
FC4F
022A
0132
0B3B
06BC
00D5
FD1E
0479
F9DA
04C6
FC1B
04A9
06F9
FD1A
F9A8
09F6
0252
064D
FB7C
FDDB
FBE7
FF62
FB75
0943
FD42
08B3
0F4E
0102
0954
04B8
FA5B
F87D
0A1B
FCCA
FBB5
064E
FEB7
FBA3
0288
0514
0327
FD2A
0013
FA31
FDFC
0687
0680
0760
039D
03E2
02EC
FBDF
06CC
FB47
FA8D
FE9C
F4A5
FAAD
F95C
07F8
F65A
04A8
FDBF
FCA5
00E4
FA13
02F9
023C
0652
F731
FE96
0233
06E2
096A
051C
FE3E
0B09
073B
047E
09F4
06BA
0794
0787
070B
FFE6
FFE8
FE37
012B
F7AA
FD99
010A
0746
FD7A
0289
010C
0664
FABE
0571
FEEB
086E
02C8
F783
051A
FB48
01B9
FF61
F9DB
026D
0278
0010
0337
FC70
F8A7
FCD8
00E7
055A
035F
0C2F
FBB8
FB32
0137
0924
022C
024C
FB47
05BA
0223
04B8
F7C5
FA18
F726
03BF
0AEF
01E0
012D
F6A7
0D8C
FE5C
FF1B
053C
FF1F
01FE
FB08
020E
0965
F59C
03EF
07AD
07A2
FD37
00D5
06B6
F44A
FBD6
041D
0545
03AD
05F1
FD7C
0455
FFFF
08D2
FEAD
FF47
06BC
0080
0245
F72F
09FE
FAE8
0BE6
FD8F
FA3C
0269
FCCC
F6C3
FA4C
0740
057F
FBDD
0766
015A
FA85
0515
F98F
FD3A
077C
FAD8
FC55
0270
FC80
0082
0772
FA5A
00F4
0690
FCB0
FE90
0A06
01C8
FC89
0252
0127
016A
088A
0668
FBEF
008A
07CD
0B3F
0258
F856
0591
FE68
088F
FD24
F923
F926
051D
089F
F6AF
126A
0574
FE7F
FAF0
083E
08A8
0252
0D96
F90E
FE39
0573
F58A
FDEA
025A
06FB
06F3
0452
05FC
FAFC
0410
00BC
023F
F862
FAA0
04E8
068A
029E
FD31
0642
FE92
FA7D
03E0
F964
036F
FA14
001A
FE5E
F902
0723
FAC7
02D5
056F
FEA6
FB11
FE66
0091
FE13
FBC2
016F
0463
05AC
F883
FA08
FA43
0244
0596
F92E
049A
F766
068E
FB79
08D4
FA86
FDAF
F9DB
FFFC
059D
056F
02EC
0119
05FB
FFB5
FDC1
0320
0407
FDAB
00DB
FC85
FCB4
FCD2
03D5
0062
FAA3
062E
05E4
FF8D
02E6
FFDA
069D
FC8E
01B8
02E4
058E
FB47
04A0
FBF1
0075
06EC
00CF
FA75
0250
F7DC
F8D7
0677
F73C
F8D9
0307
FC19
FAC0
F8FE
FA8F
FF84
FA72
F9B0
0529
FDEB
FDAC
F8BD
FC28
FB9D
0677
0C0A
0561
0580
F68B
FD98
FFC0
0126
FF1A
FE49
FD17
F7F5
0112
FEEA
F8FC
07E4
FDE8
FF3E
040F
0434
05E4
00B4
F7AA
FF94
05E3
07FB
02EA
F7B1
0177
FBD7
FD96
02C1
F766
06A6
FE46
FB75
0777
FAB5
FF24
F6B4
08A4
0420
F96D
028B
FC8F
FBF8
FD5C
0109
FA22
0097
001E
0630
F8C1
0646
054D
0364
07E2
FD96
046E
0198
01DA
0774
F89F
FA07
FCE6
05A0
0267
08BE
FC8F
0076
006C
066D
F6FA
FA07
FE34
07BA
F764
FEF4
05A5
F6CE
FDCD
03DE
00CD
022E
0704
FC1D
FA42
02D4
FF9F
06C4
FAA1
F56A
FB90
03AD
0139
0749
0047
F8F0
FE8F
FB84
045E
FF64
0375
02A1
F910
04C7
FEEC
FC1A
04C5
FE3A
FA7B
06E9
040D
001D
046B
FBE0
F955
FA3D
FAC6
FA43
00CF
06CB
FC5D
FEAA
FBA6
0172
FC34
F817
0508
FF2F
0044
FECE
0323
02FF
F842
FA23
F8F9
FD6E
FEA8
F72C
FFF9
F861
043C
0153
049D
FCC6
F928
0371
00BF
01F4
FCC1
FB8C
FB6B
0369
0612
0519
0332
07D2
042B
040F
FF13
026F
FF68
F9DB
F8B0
0593
FD31
0530
0431
088D
EA9F
02B0
025A
054C
FE0A
FD1E
06A2
F7D4
0090
F8F4
011F
FF12
0612
035E
00BD
F963
0317
0579
FE7B
0797
031D
02D1
FE51
0601
0786
00A7
FCCE
11D6
FC49
0296
0D8B
FB13
FDAB
FDEE
0720
FD05
FB14
FB42
0719
05C6
FD11
079F
014A
01D4
0162
055E
FA00
01D0
00C5
02CB
FE35
00B5
F8A0
02F7
F25D
FAF3
FA48
FFF3
FC5D
024C
0080
02AA
0383
00CF
FFD6
07D6
FA4B
FDDD
058B
FB0C
FC50
03DA
0448
0171
FA81
0444
FB63
0383
0636
0235
FAD0
FF93
09DF
FF16
04A7
FE96
FE33
0941
0481
F745
F6E7
0109
0877
FAF5
F6FE
F990
02CE
012B
FDFE
FEFC
01E3
0976
FCA1
009E
FCEB
FBF9
FB4C
FF7D
FDB5
001F
FA5E
0827
F7A1
025A
FDF6
007C
079B
0303
04C7
FC1E
FF94
FA5B
FED7
F484
FF5D
07B5
0059
0147
F901
F5D5
FC39
0ED8
0209
F70F
009A
049B
FE4C
0655
054D
025D
FBDC
F83B
03C7
0777
F92F
1570
FFCE
FC9A
0649
FFDA
F789
0759
F683
FFB8
FCF2
FE67
0491
F73B
0717
0518
0643
00B0
065B
FA7E
038B
FDA7
0E46
060D
F8C7
FFCE
0F75
091C
069D
003B
084A
0794
04F4
F987
F9C1
FC95
FB5B
06C0
F769
FE45
F9D3
F841
FC09
F7D5
FFF4
0133
FD96
FC1F
FED6
FE27
FD0E
04E8
00AF
FED5
0006
0027
FDBE
FC0D
FE11
FFC4
0650
065B
0196
094F
0A04
0613
F4F0
018B
0199
FA75
FBAA
067E
06D1
00CC
FA70
F785
F6AD
011F
FB17
0022
F631
0637
04ED
01F7
F63D
FF8C
05EA
021A
FEBB
0699
FCCC
FE84
F9B5
FD94
0171
FF08
05A4
F93D
03AF
07DC
0540
F7F0
FE24
FEC2
F74B
FEFF
FC22
01D8
031B
FFD6
F8D8
0465
0D26
072D
F831
03B8
FE5A
FC94
FDD3
FC25
FF81
FB54
06AB
F88B
0235
FD39
0847
0826
080B
0662
05F9
01E6
0130
035E
FAF9
0690
0487
FE1A
038E
FC50
FB40
FB2E
F828
FAC3
FBCF
FE00
F8BF
F92F
FF6D
FFBE
04E7
0344
FBEC
08EE
06E7
F774
0594
0102
FA45
05D6
FA23
FBFC
FB0D
FE59
08F2
FACB
FFE8
0271
05B8
04AC
0228
032B
085C
0592
0832
F8CC
F925
04B7
043A
051D
FE2E
01BE
FC30
FD0A
0201
FB3C
080E
036D
0438
FA7D
FDFB
FEF6
FBC8
FEDF
FED2
000D
0493
0094
FDA7
F88A
0369
F579
FA17
00A7
02DB
FE0E
FB89
FD9D
FA5D
FC79
F942
039D
FC18
FCED
F791
FA78
F33E
F94C
0F1F
F93D
FFBB
F9C7
00C7
F93D
FAF7
F917
07B7
FFCC
F900
0597
FCC5
007D
FE07
F6E3
076E
FA6D
053C
02B8
F5D5
0174
023C
01CD
FB8D
F78F
F819
FF1F
082F
FEEF
06BB
F55A
FD27
FEBB
063D
073A
03F9
043C
0465
F232
FBA6
01F1
0194
03B2
06B3
045D
FB18
FDB6
FDBB
FF38
FBCD
FC85
08CB
0454
F854
0176
F936
FD2E
0377
FB13
F97F
016E
08C5
05F9
F37D
F931
0702
0870
F921
07A9
0716
07EF
03AE
0A11
05FF
FEE6
05C4
07DA
0756
FAE3
F5E4
089D
025C
0B2D
060D
03D0
079B
FAD0
0448
017F
0063
0852
FE26
02E9
F91B
0078
0283
FDFA
01CC
FA2A
02A2
034C
F423
082A
F97F
06F0
FF93
FAF2
0826
FCF8
079F
FA82
FF81
001B
07BA
F764
FF2C
0767
FCD0
06DA
FCCB
071C
024A
FEB1
0A32
FA2B
F80C
FA2F
FEFA
049D
F699
FF5B
FF7C
0114
F993
FF35
060D
FD5D
0BF3
054C
F836
FC11
0A8A
0177
FA4F
0041
01B1
FBA1
FC92
FC8D
0AA7
0765
06A1
07DF
0AC4
0508
00B9
FBA2
0C0B
FC6B
F984
01C8
0680
04F7
FDF5
0117
0191
05F6
0642
05DF
052D
087E
047C
0656
FB3F
038C
0188
FC14
F8F8
FDDE
0384
FCEC
FD64
0B8B
02F6
03B5
FD08
F886
06BC
FDA8
FE75
FEC5
04C3
03D7
FDEB
00FB
0399
0767
FAB2
FC01
FE49
02DC
085D
0157
F7BB
0588
FDD7
FEDE
0660
08F3
FA60
017D
FE2C
06C7
00F6
018B
030F
FB19
077D
FBC0
FB1E
F93D
012E
0452
0336
F434
0634
0637
FE18
FA04
05D0
0296
F7A1
0032
FAF6
0177
0751
F855
FD76
01F7
FF5F
079E
F9ED
FBD8
FCEA
FA1E
04FD
F9B0
FF6D
00EB
03E8
00C2
085B
FB91
F83B
FC7C
07F1
0968
017E
F72F
FA88
FC62
FDC2
01C5
0861
0075
012F
FC8D
FA31
FCC9
FBF7
05CE
FFBA
0481
071B
0426
FB19
03C9
F792
04D7
029C
0383
FB7E
0623
FB37
0A4E
F996
00EB
FCA9
F9FD
0090
03D2
045C
035A
FDB0
F7A8
0432
FD08
01D1
F843
0486
01A6
FDA7
0C56
0409
0E5D
00D6
F8AC
0464
FA3A
FDD4
06B4
F945
0572
0080
0465
F6F0
050E
FA00
F861
0A5B
07B4
FB71
FCA0
FAB7
FDB7
FF5A
077E
05C3
06D0
037F
017D
FF0C
074A
0295
07FE
07A7
FDCE
0527
F7B5
FABB
FE5E
083D
F939
F9E5
0762
04AA
FBC6
F973
FF95
FD38
F990
0273
0478
FD87
FCB9
FA36
FB68
F77E
01F4
F9B0
0735
00B9
08DC
F602
0165
02EB
061A
F717
F406
06BE
0195
0455
FEA4
05EC
FCF1
F5D7
051A
FAA0
001B
FDAF
FE75
FD6E
FD0B
FD89
039B
046A
F641
F349
0C72
FDE4
0562
FE02
FD23
FA8E
FB8E
016B
035A
0163
FAC3
FC79
07A4
FA40
008E
FFC0
044D
04C1
0741
09B7
FF82
FA6F
F9F9
030F
F674
FBBE
FEE5
0740
01A4
0436
06EB
FA10
061F
08AB
0002
FCEA
FB8B
FBD0
06BC
FB1F
013F
0397
0539
04B7
FA52
0901
FE2F
FD76
083F
F6E4
FF52
06DD
FFB4
05C0
01A5
0604
FF48
075F
00A5
0B35
06C4
0311
063C
F817
FF53
FD89
FFC5
042A
FF9F
FDE1
FEC8
00D3
012C
F8D6
0DC6
06E9
00B6
0205
095E
F7AC
0389
0320
02AA
FE55
F7F1
048C
FA64
F9DE
04A5
FC63
FB49
018D
F9D7
FCE9
0B70
07A5
F956
FD86
FF6B
02B9
FF7F
FC22
0363
0C99
F494
F7C6
073A
0473
0342
FB94
FAC2
F5D3
018D
0166
FC5F
F98B
FBDE
068D
FF47
FAF6
FA7D
F379
FB91
03BD
0498
FC7B
F7A4
FFEB
F9BB
0534
FA6D
FCDA
0949
FA2A
F67F
036C
0383
FCDC
0296
0617
F348
0006
11B5
03B1
F769
F556
FC74
FCF1
04D0
F915
033F
02B2
FA23
0B7E
076E
FF89
F011
01B1
F771
FDED
07A0
03ED
0618
0B22
FE98
F8C2
007B
FB0A
FB37
01E7
0A0B
08C8
FEAC
03E7
FDB1
0776
07EA
01D1
FBC3
024E
FD43
0481
FE34
FDC3
07AC
FEAE
02E5
0F4B
0054
FEE8
05AE
0CB0
0463
070A
0316
FDC2
0864
FD77
F83A
0892
FEB6
034F
FB72
0518
FD1F
0181
F7F9
0922
F910
02A2
0102
F74C
02C9
FADC
FDCB
FBB3
FEF1
0281
01D5
041D
05D8
FA10
055C
041F
027E
FDF6
06F3
039B
0123
042F
F6B9
0ABD
05E0
FA00
030D
FF34
FFBA
F6E2
0CA5
FF77
0670
F740
01F2
F651
FF3E
FE57
082A
0F7D
FFEA
FA07
0296
0445
00DF
F568
F4D7
FBB3
FAE8
FBF1
FAF7
FF6D
0483
0069
076E
010C
0DCE
0B3F
F8F8
FCD7
FD25
0464
F62F
FF46
FEBC
FF51
FC15
0869
005A
07CA
0085
054A
088C
FCFD
0A3D
0439
08C9
FED7
028C
F78F
04C7
F80A
FC87
0766
0401
05B7
056E
FEDB
0405
FC5B
06D4
FE70
FA42
04B5
0210
FBDF
047A
FCCB
FD52
0397
0305
05A0
FFCF
FED5
FB00
0473
0789
06C4
07E2
01E9
0399
031F
0368
08B1
F90B
0266
0913
0781
F79E
009A
FDDC
0262
FB72
02AC
07F1
FC9B
0629
FEC5
0480
F7F4
05BA
FD0E
04D0
FF4A
F9D6
0A21
005C
FF26
FF74
05B2
025E
FAAB
F786
0107
F9B2
0376
04F1
F9F6
F663
0017
FE2F
F35A
F8D1
017D
FA63
04DE
F858
0685
055F
FC57
078C
FE43
FFE1
01BA
028B
FAC9
FFA9
0659
0512
F68B
0281
0872
FEB2
FEF0
F7DE
0632
F996
FCA2
F96D
0660
F8D2
04EA
0548
F0F9
0306
F81B
0743
FB7C
00BA
F754
FDCF
0258
02B5
075C
05A8
FBAF
08A9
0132
07F8
F70F
0615
F9F1
F226
01F5
06FB
F80B
0344
07F6
FCFE
0667
F38D
0233
FEC3
04DD
041D
0043
0814
017F
FAE1
FB7F
FCCD
FC97
081D
0295
F873
FEB8
FF10
00B5
08E0
06B6
FC94
F3CB
0432
FB27
0585
00BD
F565
0132
05FE
FEC5
FB42
0330
0B18
FC32
0776
06A2
003C
00B0
078A
FFB3
042B
0970
FAE1
04F5
F79F
04E1
FEBF
FC68
046A
F6B5
06BA
0295
FA2F
073A
0485
FD7F
FAEA
FA6C
071D
061C
08B4
FC5A
FAD6
FE02
03D3
0162
FE0B
FB83
0040
FCCD
F986
FC43
FA40
0737
F50D
FC4C
0785
FC15
F995
046A
00F4
FE56
0004
062A
F75F
FBC5
FF04
04EB
081B
01DE
F878
FCF9
F4A3
F325
0313
057C
0902
FEF2
F885
03FB
FEEC
FD56
F7D4
F825
FB9C
02DD
F883
FB62
052E
020A
00B9
F7F4
FA2A
FDA6
FE50
0508
0443
0939
FEE7
0775
F0F3
05EC
019B
FD65
FE0C
0766
08E0
0D0C
054C
FFE1
064B
01E7
FE4D
FAA5
01EC
002B
070A
066B
07A4
F984
01B6
FF8B
FB2E
FB22
FFDC
FD14
07DF
FD3A
F92F
FA4F
0133
F92E
FEEB
F937
F9CA
05F6
F6B2
FB2B
011E
0231
0797
0009
FA1D
FE79
02CA
FAD8
FCFB
FED3
0B48
FCD7
06E2
0583
FF08
FD82
01F2
00AB
FA10
F7DE
FD4F
FFF2
061E
FD86
FF1D
F9A6
FE90
0314
04E0
008B
0587
FEEF
FD7F
0082
03D9
05DB
0431
FE88
00DC
0F75
072A
0121
FB58
FEC2
FB73
0019
04F5
F68D
F88F
F70A
FB3E
FB65
F7EC
FC9A
FB5C
02CD
FB18
0A47
0762
FF72
FD12
04AB
014E
0397
026F
02DD
FE15
FE55
00E4
0A27
007B
0A6C
FCB2
083D
0053
0594
02CD
074A
011A
0002
FDE6
F865
038C
FF54
F81E
030B
F8BA
FC6B
FA14
02CA
08BD
FEAF
FB67
0295
027E
FE0E
0601
0116
FEFB
FFA3
03EE
057B
0002
FA02
04E4
0A64
089A
FD3F
027A
FC72
F972
0951
0708
0498
FDCA
FD5E
FB91
0456
00B9
03D2
FB65
0739
F9C0
0547
0B0F
01A6
FD9A
FE54
FE0F
F42B
F794
0582
008C
F8EF
0108
0349
F988
FB53
06D2
FEFB
0099
FC22
053B
0086
F866
FA31
FD79
F9B5
0027
FB74
03BA
FF9B
FF53
0138
F9BD
F974
F4F4
05CA
060C
FBE4
FBD3
FEA3
F7F9
0440
0126
047A
05F3
01BB
F9CC
FFA2
FE3C
F69C
0147
F942
0253
F650
FE39
066D
0177
FCBF
FEB5
F89A
0381
FDB9
FE69
F5EF
03FF
0860
FFA9
0354
FA87
062F
F9B4
FF36
FDC6
0A13
0053
F0DD
FF77
00B9
0BAD
FE0D
FE7D
0740
0689
FF05
FCB6
FE32
FCAF
0842
0279
F6D4
FBD3
06C9
F65A
FA6B
01FD
F840
0484
F79B
04EA
F718
0839
FA7D
FB4B
F6C1
0EC4
070E
0235
05A3
05E8
F747
038C
05CB
F7B2
0532
FF67
00FC
FE1F
FDE9
06AB
F760
034A
0464
0856
024C
FA2B
018B
092E
0066
01D5
07AE
071E
00B2
0021
0591
00A6
065A
FA4B
0063
FBDD
FBE9
FC17
026A
021D
FDA9
FE48
0865
FAF7
F608
FFD3
F980
0120
FF5B
03DB
F71C
051C
0875
035D
05BC
052D
FB54
0476
06D5
F2C9
FCAC
0011
FEC3
F876
030F
007D
FE86
FBE5
FC92
0577
0287
024B
0537
FAEC
FAF8
F869
FFA4
FA6C
FDB0
02DE
038B
002F
045E
FDB0
02E9
02E2
02E7
FC96
EB9E
0259
FDE2
FD95
FDF4
FAB1
038D
FF58
F7B8
FF27
0441
FC72
052A
F84D
068B
08F7
0426
026C
FB86
F6CF
FEC9
09EE
F54B
FB36
F8D7
08E0
079C
0755
09BE
0513
FA04
FB22
F294
FAC3
05F1
F529
FBED
0430
0188
01FB
FFB8
079F
0652
04EE
F670
F8F5
0178
F6A0
01BC
09A9
FC5F
04EB
01DD
F921
F8D0
0899
092B
0223
0439
0AB8
FC0C
FA48
03D8
FA8E
06DA
FCEB
07E9
F7F1
F693
F63E
0C10
0065
02F6
0973
FF2F
0762
F65F
05C9
05CE
0056
07C5
FB91
F781
0147
F4AC
F7CE
00DC
0419
04C3
0508
019F
FF41
FCAC
FA6D
FBB7
039E
0289
07DC
FABD
FD08
F774
0142
FF6E
00A2
FB0B
05AB
0290
F949
FB90
07F2
0494
F827
022E
FCAB
00EA
0344
FF47
FD77
0080
0717
07CB
0273
00ED
FC59
0116
F4EF
02FB
0900
F7FD
047D
0574
F8E0
FEE5
F44D
07DC
03AF
07CB
0DDD
F8B8
0309
FB6D
0578
0158
FCDE
011F
0077
0800
0199
0801
FBD7
0609
06BB
01C2
051A
0654
01B0
F690
FC7F
046C
F823
F220
0138
FA41
07CE
FEAB
FFAC
F8BF
07A9
0042
00B3
F871
F9C9
FECD
FAE7
05B1
FF4F
F688
FCA2
0018
FBF8
0784
F71E
FF7E
FEA9
03CA
0231
0630
0469
0BAB
FE78
FFD5
0328
FD5B
F8B0
FDE2
0318
07BE
099F
0667
F9B7
FE2F
067A
FE97
FAAD
02C6
FEF1
FD31
F932
FB0E
FC28
FAE5
FD0A
08F1
0AF2
FFAD
FD59
FEC9
FD88
FA24
0929
01CC
F8A7
04C5
07B7
0650
FA87
FB18
F6E4
FB75
0087
0368
FE36
0715
0709
0612
F388
04DD
FAE0
FB89
0327
0720
07F3
045F
FEF2
005B
FCB8
FBFE
025B
0505
08EC
FB1E
FF11
08C2
F9E0
FD27
0275
FED0
04B6
0438
FCD3
FF06
09B6
036F
FAF2
F901
02BC
0040
0151
05A8
0368
0231
02D5
02C9
03CF
FB28
08D8
FD35
FEC4
FBFE
0094
06FB
040D
FD38
07A5
0022
FF45
080A
FA77
FEF7
0049
061D
FE4A
FDCA
02DD
02FE
0218
FE85
049E
0882
0198
F9F3
062B
01B6
FE03
FD36
039A
FFF4
FDCD
FDD2
FD86
01C9
F774
0663
07C1
08CB
0044
0339
0366
FD18
0335
0803
046E
0D6B
FB50
FD0F
0275
0054
FA69
08CC
1060
05B7
04A4
FCC6
FFE0
00A3
07CB
FA78
FCB4
0954
FADC
0241
0505
FEE0
05C8
00AB
0A1A
017C
058D
FD50
00BC
034D
03DE
FE2D
01AB
039D
F7DB
04F7
FE22
0696
0298
0500
FEAD
086F
F7E8
FA3A
0319
07A6
FD5A
FC45
FE67
0541
0948
F830
0003
070A
FAA1
0681
FABD
FE9F
06D1
00F9
FB6B
078E
060A
0454
0BEA
F739
028F
08BF
0313
FDF5
FFF1
FDA8
0D29
043A
FC5F
FEDC
FD9D
F952
FB70
FEE1
098C
FAC8
0678
03B1
F624
FDD8
F52D
08D9
FD76
F90C
F71D
FD7D
03BA
FDB6
028E
04A3
051E
FCCD
FC89
00A8
050B
FAB6
0660
051D
F8F5
0110
0448
FC86
040E
02C5
F9EE
FE41
FB26
09C0
03DB
06CA
FFB7
001B
FE6E
0732
052C
0508
FA9B
072D
0396
084F
07F8
0859
05C3
FE69
043D
FFBA
002C
076C
039E
0319
01CA
FDA6
FDA3
004B
01BF
08D8
0243
073A
FD0F
07A6
09F6
03BD
084C
0545
03F9
042E
0338
02CB
082D
FCDD
053F
005D
078A
FF1A
0801
FFD1
06C3
FBC2
FDC3
027F
F940
F769
06BC
02A9
000B
07D9
0919
05E9
0709
0585
FD6D
FE85
FB88
FBDD
0089
FF5F
06FA
FD25
02E8
FEC5
024F
0460
FA40
0167
0013
FDA3
FB62
0300
052E
0355
F724
FF57
FA87
0609
06A9
077C
FAF8
FD41
FE49
F7D5
FE6C
FDFF
FF50
02DC
F35C
FEE6
02B0
F5C5
FE0A
F870
02B7
01F2
071E
06C2
0029
F852
05CA
FE09
F904
08B0
0835
F9A5
02C1
FECE
03E9
FF00
FF59
0465
F9E0
06B4
070A
FA70
FAF0
050E
F8EC
05D0
075B
027A
FEA0
FB50
00F5
07E0
069C
F8D0
0A32
0033
07CC
F98E
001C
F6AC
000F
FDFF
F7D8
FEF0
FA16
04FA
FA45
004F
0711
01C5
0731
0633
FC2A
0478
09B5
F9E1
0529
F76A
04E3
F806
F81F
FD77
FC11
F9C1
0965
F8FF
FB28
FB14
024D
035B
00CA
F974
0129
FA43
FEDC
05A2
FCCD
FD6B
FE18
FB17
07F6
F5F4
0133
FC62
06E3
01C7
FF20
057E
FBDB
F8A8
F4E3
0286
0044
FC48
086D
06EB
0722
0659
0671
FCDB
04C4
FFE4
0196
FD56
0259
FB88
02A9
FD4C
FBC8
F9F8
FF9C
098D
0349
FD0B
FFC8
0DC4
00D7
062D
0281
058B
F8E2
FE7B
0102
002F
FC73
FF67
0843
F08D
04BE
04A3
05C7
05A6
F8FD
F821
0ACD
FCB2
F95F
05AA
F91F
FCF1
032E
0431
02AA
0A77
03D0
052F
FBA7
040D
FE61
FDA0
FFD3
07EE
FCA8
0409
09AF
FBE5
FE54
FF4C
FDE0
F64E
0812
083A
000C
FE60
FFC6
0738
FA84
FD6F
05F9
0696
F9A2
F51C
03AA
F9C9
07A3
08CA
F971
0873
0000
0734
0082
0767
04BE
FE93
FC3E
FEBC
FB7A
F7F4
F756
0509
FC3C
0044
01A1
01D6
FFE9
FB21
0304
FE3A
F79E
0582
0355
087D
0311
06D1
00A2
074E
05E8
04D9
04C1
046B
05B2
052F
0463
FC14
F843
057C
0631
FB6D
0681
FF71
FA80
06AD
FC93
F6FE
F8D0
0118
0302
F8C8
01B2
0647
F8FC
FEEA
0590
0433
0375
0037
FB2C
057B
036B
F7C5
F647
01C8
061A
FDE7
F9D7
03E7
F757
04EA
FEC5
FAFB
FC7A
FDCB
FB4E
FD3F
077E
0021
FC3A
04D1
FF47
057A
F5B6
047A
002B
007E
F875
FCD1
01FB
00CE
FC25
0544
FBE4
FD62
06D2
F223
F87D
F9DA
FBB6
FA93
08DC
F54E
01B6
04C5
02F2
0463
0312
0943
FAA4
F782
0CB5
FB7E
01F0
0817
F836
0E27
022D
FCE1
02C1
0181
0983
FAE0
0587
FC0B
04AE
05C9
012A
FF4A
03EA
05A0
039B
F831
FB88
F6E1
016E
FE17
00D8
022F
024C
0832
FCC3
FAE8
0807
0C13
04A9
040D
F984
F94D
0934
FF22
0555
0169
0276
01BA
FF79
0307
FA53
F63D
01C3
08A1
074A
F8E4
FF77
F756
091C
012B
019A
F713
FC46
FA2E
FEDF
0410
FA64
0258
F624
05F1
FFF0
F8CD
FC27
04A9
FB16
F907
F58C
F97B
075D
07E1
FA45
F751
F5FC
0305
0467
050C
00D2
FA3A
FD8E
F90D
03D9
063E
FA13
04B7
FC83
007B
FABD
FDFE
FAB0
F34B
FB59
FA2C
059A
00FF
04B5
F921
02F4
F8AD
FE32
F69C
F830
FB77
0334
0507
03DE
04E8
FAEC
FAD5
FBC4
00CF
F539
066F
FEB0
FD6A
FFBC
07F4
067A
044E
FF4A
F924
065F
FD27
073C
FC7A
F955
F854
01D5
01C9
FCDD
FDFB
FB54
0509
FCB6
FE4B
F99F
FE2D
0495
0701
FA30
0348
FDFE
0537
FF21
058D
FAC1
FF6A
FE26
03CC
0017
FF88
F9E1
0943
FCDD
004F
078F
FFE5
FEE6
06BD
009C
FFF3
04F7
0598
FA88
010D
0AD5
01E5
03B0
FA26
0168
0221
00A8
053D
FF01
FCAB
FDE1
FFA2
0627
FCA7
FD83
FC0B
F7B1
FD93
05AF
F957
FED7
FA22
0590
F92D
FA73
FBB7
FB0C
F6E8
FF67
06F5
0228
F540
01BE
FBDC
0349
0088
03CC
FE00
04C6
F877
F9F9
0112
FCFF
0473
0158
0AC4
03B1
FDC9
F1FC
FF17
F887
08C6
049D
FC4C
F94A
FB94
FFEF
0076
F75A
FA15
057F
0905
FD50
FD59
FC65
0467
003A
FC46
055C
0456
FFA6
F65C
F868
FF10
FB4C
FCA5
FE73
FB70
F93B
0174
01A5
FC1B
F950
01DD
02C5
FA24
05BC
040B
FAF2
0323
0648
0A02
0497
02B3
FC81
049D
0451
FA9D
0602
073D
FC76
00E4
0389
F738
F904
0690
FA34
0545
FF26
F8E3
FF3A
F9E0
0726
0609
0037
FD9B
011C
FA23
056D
0493
0563
0455
05AE
049F
FDD7
FBEF
0774
FF94
FCC3
05AA
0241
0564
0038
FA66
0263
04A2
FCD8
FC92
04F2
0752
FD47
F524
02E4
F9BC
FE25
03A0
F63E
00BB
FBF0
FC8E
F67C
08EE
FF41
F8F8
FB6F
F73A
F78E
0256
FB7E
0227
0090
FFC5
058C
0000
0307
0665
FDE7
0235
FF64
FDF1
0416
FFB7
FDCF
FD8B
05B6
FD9C
F675
0162
F789
07B6
0315
0914
FD39
FF9F
FA17
05F5
015C
0796
02FE
FA1E
00B0
FBE1
05B2
0640
FF80
FE96
0071
F652
02BC
0337
08FE
03DC
F5FC
FCF2
06D4
FA1B
FA46
0850
F8F0
01FC
0565
07A3
FA52
0786
FE29
03A5
F8EF
FFE8
FFE8
FCC9
0438
013D
F805
FE81
03B7
064C
091D
FD10
0730
FC12
F9C4
0698
FE1D
07BE
FEF8
083B
FBDC
03D3
F964
0524
0230
FFFA
06D1
FB9B
0316
05CA
0463
FF09
0152
054E
009C
0899
04CA
03B2
0473
FF40
FB68
FAF3
F5FA
0773
0137
F6F6
0480
F9E2
05DC
FF14
FB71
04C5
0191
0444
002B
060A
02F8
0420
0783
0506
07A6
024D
FB62
0003
FC05
0328
FC0C
FBE5
0155
F6AA
F863
0DA7
0699
04EF
016D
F975
F3E7
0561
FE8B
F802
0733
F762
021C
0250
FB2E
EFA7
03C6
FB67
00D4
00F1
0790
FCEE
0603
FDC6
FE8E
040F
0062
06F7
FC7F
FAF5
04DF
FB93
F32F
05E8
0CB7
0008
FCD4
06AA
FFC4
FAC4
F62F
02AF
FD9C
04FA
0373
054D
FB3B
F7F7
0416
06B7
FACD
FC44
FA3A
F7B0
0871
04F3
05B6
03FD
07C8
FF78
FF09
0218
FFCD
FA2A
FF07
F883
F99C
0035
01DA
FC2B
0786
F73C
06AE
FC2D
007D
045F
010A
02C3
01FA
05C4
04AF
061C
0392
FABB
F7FF
F9E8
FF8B
069B
0565
FF89
06D4
0448
FA18
03DE
FB75
0263
0090
0401
FBAB
01A2
FEBE
FA3E
017C
F4AD
FB80
FCCD
0033
08FB
F966
FA8C
035A
F960
040B
067C
0040
03BF
F868
F95F
0656
064C
0221
FB8E
0488
063D
04AF
F934
06C6
0735
0266
F316
FF8F
F88E
FC69
F950
0556
01DA
FDB5
05F1
0258
0EF6
05DC
F9B3
038E
00C3
F8EE
0672
FAC4
FDA1
FD4E
FC2E
0BD9
088A
0581
00C4
04EB
098E
FC1D
FF92
0606
FA06
0180
09AF
0052
F61A
FC31
05B7
08EE
F990
0440
FB29
FB4B
0415
03F0
FC30
FB22
FDA9
FE41
FA11
0432
FEFE
FDAA
002C
07D2
FEB3
FDD1
0B82
FE15
0129
FC2D
FDCD
01E4
F7D0
05F3
F713
0159
01E1
F91A
0346
03EE
FF33
0337
06F2
FD6E
040B
F898
00FB
FCF9
FFB5
FC1A
FD3C
02FE
00CE
02A0
00B3
F61E
03E0
FEC8
FBBE
FE34
0290
00B0
013E
01DD
FE0D
FF60
FB32
0855
F84D
FDDE
0218
FC08
F984
0249
FDC5
FE06
FD1F
02EC
09EC
FC38
0886
F99E
00DF
F954
FAEF
052B
05EC
FD01
02AB
0530
F728
051D
00EA
0721
F802
037B
EF41
FEFD
F7E2
07B5
05F7
0659
04B6
048D
F938
F5DA
FD4F
F988
FDE7
FE7D
029F
02A4
02B6
FC14
FEEF
FF52
0056
F545
005E
0832
0885
0546
0264
FE29
0482
0832
007D
00E0
F813
F48F
080A
0598
F64B
FEBA
F879
00EC
040F
00A8
FBDA
00CD
01A0
FA03
FF4E
FD99
F762
06A2
F900
0194
F61E
0614
FDE0
0023
F85B
09E9
F9A8
F9AC
0306
FBBB
0233
F7F3
FC47
06F9
035B
00A0
FFA7
FD0B
0696
0727
FCAC
F943
05C1
FA38
04C4
032B
FCF2
0223
00EF
053A
FE5D
F692
FC93
F8FD
FA8F
084F
FCDC
0598
06D6
FB95
FE3C
0984
F8D6
F761
01BC
0272
03ED
FA59
0954
07DE
00A7
F79E
FC9D
065C
FA40
0298
002E
FC36
023F
089A
069B
0946
0420
FF6D
07B6
0619
FF80
FFCE
0915
FFF3
03F3
03BE
F9B8
07F9
0458
FA90
0556
024E
F4AB
F738
FF6F
0819
FD99
01AA
FE77
F620
FDD8
0155
0186
FB9A
029C
0421
0369
FC34
0333
04A9
F73B
0829
007A
F9E4
0BA4
FD26
0506
0060
FC28
03DA
08DF
FEE0
F590
0483
FEA8
0812
024A
066E
FF3C
F654
0038
FE61
058D
0444
FD93
0E37
FA2F
077B
010D
FC27
0272
07F1
0279
F789
018E
F7EA
02DE
03C0
FA57
0A2B
FB8A
0409
010C
04C6
FB55
0076
FD36
06BD
FA3D
0985
FC32
0731
0534
00E4
04B8
042E
FE75
03BE
0347
FDC0
FFB2
0710
0021
FA44
FD2A
FC29
0750
FD11
0698
FF33
FD08
FDB9
039E
04DD
F8D9
F784
0450
FD9D
0594
FC10
FD06
051D
F8F9
0955
0556
04B7
06D6
06F4
FE36
FE5B
0FE3
08A4
0417
0580
0711
FE8D
FA94
F888
FD53
FB87
05B0
003F
0388
FE4A
0328
FE87
FCE7
FB11
07A3
F986
0086
01D5
FD7F
F960
0674
053C
0352
FE2F
FDAD
0607
07E6
04F0
0776
068A
FF69
FF49
078D
FE4B
F82E
FBCE
009E
002A
0754
0783
07B3
FA9B
FED7
082A
02B2
FAE8
FA40
0E7A
FFAA
FF33
08EF
0227
019E
07B5
FFC3
0BD4
FDA9
058F
FF99
057B
09A8
FB22
FD31
0711
FC79
FDDB
07D3
0635
F8F4
FC4D
025C
FFA9
001A
03DC
02CD
F8EC
0C54
FCCA
FDB3
04B2
FC0F
0266
FA9A
0170
FACD
03AF
0128
00A1
01F7
FC75
FC10
0010
FBE3
FC89
00A7
00D5
F852
FFD8
FF03
F9C0
04FF
F856
0724
0124
04BC
068C
04E1
04A5
FE0C
FACF
FD85
FF49
FEF6
FF79
08DD
0405
0259
02C0
06E1
FAF0
0536
043F
0681
FCBA
0350
0144
FF23
03D5
F945
0B55
FC39
FD61
FB74
07BC
FEDB
FEF8
F921
05ED
06D5
09E5
0396
FE8B
011F
FAA3
02CB
0444
0469
04B9
056F
0301
086D
02AF
FC0E
FF8E
00F9
F804
0445
044C
0325
0837
0701
0138
0B73
0644
FBB3
01F1
0EA0
05D1
0469
F7FD
0D46
FD6D
03A6
02BE
F4C1
F6E8
FE8C
042A
FFD2
0676
FDC4
FD9D
0BBC
FDB8
FF9B
0824
0265
FF10
030F
0665
0B48
02C7
02FC
031B
FAC8
FD9C
F757
04D1
FA14
F7F6
FF36
03CC
FE15
FF2C
0585
FBFB
023C
FF9B
039E
FC5B
FABA
F50A
FBBA
FB20
0313
FB4B
F9E0
03A4
FD90
FE2C
0055
FA9D
0352
F901
FF26
F9B5
0042
F399
0173
0A15
0186
083A
0128
FBBA
003C
056B
F6C1
019C
0502
039B
08B5
FCEC
FE07
FA9A
F9ED
FE71
01B8
F7B2
048F
0C90
01BA
FDE0
F9BB
FB87
F3F2
FBC9
0C39
FCA5
03FD
F9F2
09FB
F932
0C1E
05EF
FBFA
03D7
08CA
0438
F69B
07E6
FD7A
FB20
0C10
F769
F510
061E
F99A
06FB
01E6
F906
0009
0169
F732
054D
0DE2
F74D
FDEE
03F3
03D2
0158
0A2F
FE03
FAAC
FEC7
09C2
FE8A
0513
0481
F7CA
0373
05DD
0450
F84A
F933
003E
FFE0
0122
F55E
FA3D
FC70
07B4
FC5F
FF7E
F3BA
FDF1
FD47
FBA4
FAFD
0427
FDFC
001C
0031
06EC
08AA
0627
0AA4
0169
0CDE
0468
FB75
0202
0962
FD2D
0286
0BC1
0078
F7C8
0BAF
04B1
FAA7
F6D2
0381
FAC8
FD08
FC90
0381
018C
0588
0379
FBA4
F999
FF56
FDAC
F8F5
08E1
FC96
038C
022C
0859
F072
0610
081C
FDDE
0CF0
F864
00B5
F807
FF2F
FDD1
0B74
036E
0053
FC86
0487
FF2F
FE4B
0597
03A7
080F
F8E0
FE1D
073D
0788
F99C
FF37
02E5
F893
09A1
00FD
00E2
F8B7
038B
FA08
0049
FBBE
11A0
0A28
FCFA
F8E6
F330
016F
0644
0150
0225
F762
FB93
0468
04CA
F722
FD70
FDDF
002D
0C44
009D
0E7C
F93D
FC56
FCC5
FEFC
00F4
037B
067E
0D9C
FBD2
03BF
FDDC
0A91
033C
0186
FBB1
06F9
0314
F3F9
FD94
0312
04CE
0B5F
06C6
0A34
03AD
07BE
FE85
0537
02E4
F547
08B7
F66E
F453
09E0
F9D4
FDD7
034F
0BA8
FB19
FA93
FFA2
EF6C
0818
FACD
F588
0268
01E1
FCF4
FD88
FCF0
068C
FB4B
F573
04A5
05B6
FA3A
FBA2
0841
01A1
F7BB
FA7A
070D
0555
080F
0657
04FA
FFCB
FEDD
F989
0636
FD2F
FC3C
FC17
FB2F
FA67
FDB7
073E
FC7B
FA24
F687
0523
0810
0414
03F8
0057
0128
0335
000C
FF4C
0661
F6AA
0335
0178
01A0
F530
06FF
01C6
06CF
F9B7
0261
0074
011E
FB10
026D
FE09
F956
0515
FFD9
FC75
0159
0182
F877
01B0
0A6E
01BE
03F7
F62D
0AF0
058E
FC67
FC02
F57C
0371
F529
FB8F
FDEB
FB31
061F
0262
FCC9
0A6C
FCB6
06DC
FECD
F922
02D4
0443
037C
F2B3
F62B
0544
FD82
FA4C
0425
FDD8
F903
F03E
0A12
01D5
FC74
FECD
FC1F
028F
0065
FE48
F8B4
FA52
023A
F745
0800
F660
0918
F883
FE73
F480
05F1
FE42
F788
FD6F
0620
FC1C
034A
FF86
04DA
01CF
FEE5
FD64
F2A8
0245
F8DF
0392
F693
FDB8
FA89
FC38
FCBE
FDEA
FAA8
06CB
01A9
F904
0460
FD85
FBD0
FC9C
0257
F331
0733
F80C
0168
0155
FB6B
026A
FD49
FD6E
FCFD
049D
F75D
F61F
FB8B
0175
FD4E
F7F0
04C2
0285
0052
FD87
FE00
FF68
0A40
FC2F
00B8
FDE7
066E
F44E
F9D1
001F
F5C1
F5BD
FEF5
FD05
01B7
FE8C
F882
080D
FD84
0C6D
062B
0134
FC2F
020A
0751
FFAD
F6F6
FED8
00B9
0AB8
FC9A
FB05
F99A
FD63
F38C
FE14
016D
07D0
09DA
04DB
FAD6
033E
0630
FDCE
FA8E
F9AC
0DF6
FB98
013D
0193
005A
FAA5
FCAC
FDEE
F3BA
FE43
FB3A
0889
FB7B
00B2
FD10
023C
FDAE
FCF5
0142
088A
011B
0527
00E6
04A8
FFB6
0897
0768
FE7C
037D
0060
08EE
F75C
FC53
F6CB
0003
06FE
F994
059E
FECA
FC59
FFDF
07C3
FE72
000E
FF03
FB3E
057C
06F6
FDB4
F9C7
FF91
039C
023C
F6C5
00E0
04C0
0665
F68E
011E
03DF
0568
F8D6
03E6
F7F1
004B
03C0
FDDD
FCFA
041B
FDCC
0084
09BB
0860
02A5
013F
F33A
0085
F5C8
0205
07B4
043C
FE8E
FA63
FFED
F8B8
FD8D
0604
0833
0292
FB34
FA74
03B3
0569
FC08
FC71
F9E1
0411
0297
035E
F7F0
F8BD
07B0
06F3
01D6
FD56
0316
0D2A
0B03
02A5
FC09
092E
FF86
F76E
07B3
FCD6
FEFE
058A
FE01
FF03
FEDF
FCE2
0873
0153
0617
FFE9
014B
0776
0968
F86A
04F0
04F4
FD38
FC27
0AB3
020B
033B
FBB4
F185
FAA2
08AD
FE00
FF56
F9ED
FFAF
FE76
FE54
FEAE
F726
FBE4
FA6D
F9B3
FF99
FA56
F8EB
06CC
007F
0530
FB40
F2B6
087A
05D1
FDA9
FF95
08A2
06A4
054A
F7BB
FB1E
0015
F919
FB33
FB20
0342
F93B
F827
FCE9
07EA
0314
048E
0C8B
F92B
F9F6
0318
032D
0175
05F5
07A1
FD4D
0249
F673
F935
04E3
0687
F976
FC86
041C
FD62
FF2C
FDAD
0686
00CB
FC5B
06A8
089A
FA5B
F8DF
0650
F5AF
F7D3
011F
FE5B
FFD9
0054
F985
F6AA
FADC
059C
FC68
061E
02BB
0233
0438
0505
FEFB
05B2
07B5
FEB7
FC14
081A
07C9
006A
0126
008F
07D2
F9CE
04F9
F870
F98D
F3FF
088B
FFB6
FCAC
01B3
FCBA
076F
0478
0566
F799
0295
0005
033D
FE8B
049C
0161
FE51
F72F
FC98
0606
0089
08A9
0396
F36B
FC5A
FADE
091C
0269
FF59
FEF0
09F4
0435
FEE9
07A4
F7C8
F8D1
FB46
F937
017E
0183
FC75
05E3
F663
04FC
FF29
FD6B
FAAA
FA85
0661
0379
0519
09B3
0071
FC8B
0424
FD4C
091E
FCD4
F918
F996
0437
F6B2
03DF
FB14
0183
FA38
FDEA
055B
FB86
F85B
F6C5
F8F2
07B9
018D
00CF
00CA
01A2
0209
06F3
0456
FD97
FDA8
F76B
06E7
F8B6
07C5
FC21
039B
0836
FA3E
F65C
F88D
036E
FBDC
FC7E
091F
FB5D
F555
035A
0020
0967
01FD
FB81
0522
0169
F7F0
F8C2
002D
0058
06F5
01F0
FD3A
0181
FD25
062E
01E6
0665
FB89
062A
FB00
08D7
FEDA
FD11
FC1F
00D6
FB09
F6CD
074A
0626
04BD
F534
01D6
FB76
07CF
FF19
FC15
FFEC
FA06
FAA4
FF1E
FBE4
F941
02A1
0A3D
FAA5
F80A
F0D8
007E
0A20
041E
047C
F7A7
F912
FB83
FBCB
0503
0027
0678
FDF5
0447
008B
FF40
F784
0182
09BE
0285
0477
0264
081A
0537
01AC
0416
FE33
F466
FF04
08AB
0197
FAB3
FCB5
F6BC
068D
0029
058A
0342
0C04
FA9F
F80C
02A3
0B62
F5BE
F727
FFB9
0720
FBC1
FE8E
0905
0689
FD01
077A
0056
FCD2
02ED
0072
0835
0225
0315
FB14
05F7
042B
F8E6
F3C9
FB29
FC93
FE70
04BB
0055
0479
FD18
04A9
F5BE
060D
F10F
FB45
FC09
F761
FDFD
0272
026A
0346
F7B5
FC43
092C
FD45
06C4
FE9B
0606
F914
FA08
F541
04AD
F30B
017D
061D
F998
FA35
FE49
FF35
FFA7
01C0
0871
FD39
0A7C
05F0
FAD1
0247
FE79
0EF0
FB3E
072E
06C3
09EC
00E3
03BE
0480
F7CF
F42D
016E
0595
0939
F9D1
0327
0321
FA5E
057F
0AF7
082D
FBBE
FBA4
0B13
FA6C
FF47
FF79
02F6
F8B9
0569
0694
08DF
FA87
0203
FFE9
FDF1
FC27
05FE
0602
07DE
05E5
007C
0517
0274
FA72
00F4
0056
F83B
FAF8
0876
FE00
0465
F270
0725
FC7F
F2E7
FC8B
031A
FBCC
FEB5
FA53
027B
01D8
F8C4
F93F
06A0
FF8E
0454
0328
F8D4
F97B
075A
F9B3
0290
00F6
F89C
F53B
FD9A
097A
0963
FBEF
FBC1
F82A
025B
FF2A
FD23
074D
FD7E
F43C
FBDA
03A2
00AC
0718
FDE5
FC32
FBC9
FCDE
0420
01E0
07B8
FB0C
F98F
FD97
0782
0672
0667
F4E6
FBE8
0275
03FF
04B9
FD01
FFB4
FECF
FC90
07E7
023C
FBED
01D2
FA56
09D5
0285
0771
F700
FAD7
0065
FB92
FE4E
F58F
FFB5
0241
06E0
FC79
0607
F80F
0158
F926
00FE
072C
02ED
F9A6
032F
0416
05EC
004B
FD80
05B8
FB9E
FE1C
F59E
0B4B
01F9
09F5
FD42
06E0
F704
F57B
08A7
025A
F99E
0681
0136
0808
0427
0729
F9BC
FA42
F722
FA30
098C
0398
054D
066A
F860
0456
F911
0D59
FEA7
FB5B
07A0
060D
054D
FD8E
013C
0342
FC8F
0C14
FBB5
048B
F77D
02E5
FA99
0742
06A0
FD74
FD17
015B
0230
0074
FD2E
FBD1
FDB1
FD05
F7B0
FE52
0AEB
006E
FEE4
FCBB
03D5
077F
00C7
FE81
02D3
0131
FF59
FCDA
FFC1
FD52
F90E
07BF
F51B
0505
FF06
02CD
07DC
F6C4
06B5
F9E8
F78D
0443
05ED
FD5F
FA36
F9A0
03E5
0135
FE2B
0394
FE04
0A5E
03B2
0386
025A
04CC
0378
03D1
0BF5
FDC1
0402
F94B
F437
F533
05AD
0350
FF26
FBBD
FBE0
FBCB
056E
F7A3
F6F2
F953
F61D
FBAE
0085
01A0
076B
0541
FE10
FA6D
FA1B
F93C
FF0E
06CE
10A5
02BF
01E7
FDC3
0478
FBBC
FBA2
008D
FFCB
0321
0505
F9F6
01D6
F952
0976
FE5D
0315
08C8
FDC2
0105
0740
F971
FEE5
070C
F4FF
FB27
0468
FD25
03BB
0530
FEA4
0527
FD7E
F6EF
0677
FB8F
0781
078E
F772
FF3B
FA6E
04A9
065F
0310
FB8C
00AE
00BE
0070
FE87
F7E9
0184
0690
003E
FF6D
0445
FE11
088A
F8CF
FF93
0447
FD66
011A
FCB8
F7CB
FF24
FCD5
FA39
06F5
07F0
FAE5
0051
06B2
0326
FD27
FBD0
FC15
066D
FEDC
02F0
051B
FB00
018A
FA14
F9FC
05AF
0157
0D4C
FF00
0421
FA29
0AFE
FC5F
02C9
FADA
0913
FC23
080C
FBD4
0621
FA47
03C7
0603
0590
0191
FDE6
FB41
0683
0828
0589
0430
0304
F562
03EC
00BC
FF0C
F6A1
FC3A
0507
FC73
0396
02C1
00FB
00D5
FBE9
F8F4
FADB
F905
0534
0B39
0887
FEBB
0773
07A0
FD80
03B2
08EE
FCC6
FDE2
01F7
0A14
FB00
FBE4
00B6
FE08
F877
F575
FB62
FCD0
FC6E
0867
FA35
F7D9
F71D
05C4
01D4
FD9E
F543
0424
031C
FAE8
FE7E
FEA9
004F
04CA
FD27
037C
0025
FFC0
007F
0290
FF41
03F3
08BB
03B6
F832
FA47
FCBE
0269
FCB3
FD2B
0577
0925
0889
02B1
F8EE
048E
0ADA
F754
FDA5
FC98
02CC
06C2
023C
FE55
0725
0522
045E
021E
FBA7
FC1F
0581
03E6
01C5
0093
0934
051C
FFFE
F82D
00A5
033F
0853
FA77
02D0
FB33
F604
FDD2
01BF
FC95
FD28
05A9
FA49
0100
05A3
FA03
077D
FA07
04E8
0595
0ABD
FDFB
FC5A
07BB
03C5
0429
01A3
035C
FF80
FF5D
F213
F83F
FB8D
006A
F9DB
FABE
0A9A
FAC6
F8B3
FC26
0326
FF0A
078D
0122
FFA0
073C
F943
0998
0408
FD97
097B
FC33
F66F
08A9
0326
01B3
0086
FBCA
0026
F753
FA66
FB6D
0C12
0197
FB45
02D0
FA7F
F7AA
FB23
FE75
FC2B
FCF6
FE43
057E
FF8C
FB65
043E
FDFE
0035
09C9
F5AA
065B
F94B
00AC
0041
F88F
FFE8
0A04
063E
013D
0287
FD72
0759
0562
FBBD
0275
FD73
0716
FFB8
0100
0535
FB64
07BC
FD4A
02DE
F988
014A
0987
FDE1
125E
FA41
06A9
0762
0175
FC14
F8A6
0474
FDE7
079B
F9D9
FAE1
F806
FFD7
FD3B
0410
FC27
0A76
F7B5
FD3D
0019
FCC1
0130
0264
FB88
0141
0201
0717
05A4
0069
0019
F942
067D
0638
0176
FB57
FFCB
FDD0
F8BE
FB5E
FE16
084F
FC40
0076
01A1
F889
043C
0883
FE79
FECC
0363
005A
FF01
FB67
FFA0
0590
044D
0A67
F9B4
F9F4
F491
06CA
F778
FF60
02AA
0505
FDC2
FC04
F7F2
F8DE
002A
FB19
F930
0A7C
F9C7
FA32
FCD8
FF2F
0147
0108
033C
0018
FEFA
02A9
0795
F656
0511
02AC
05CF
03B0
F7EC
FF2B
FF47
0265
FA3A
01C3
FD28
077B
FE42
FD91
06C3
F949
FE2B
FEB0
044B
08C6
024E
007A
00C3
0269
FC13
FD5B
0642
0A69
0552
F8BB
FCD0
08FF
03D5
FB53
0224
01D0
00C1
FC45
FD5A
F407
0070
06DE
0B42
FE2D
FF0C
0160
0C25
FBF5
FB96
04D0
029D
FE26
FB73
FCA2
09E3
FD50
08D5
038B
FB4B
0752
073E
FF21
0126
0089
0915
F773
0410
07E6
0836
FC54
04DC
FBD4
0983
FA95
0023
FE6E
FC50
0303
0132
F884
04CD
F8AD
0763
08B3
03E3
FE94
03A2
FDC4
F7AC
03B7
FF07
FEF5
0677
F884
F8B2
0894
0191
03EA
FD38
0239
05EC
0038
FB5F
0559
FFF3
F4E4
0CAC
F8F5
FF79
09FE
000A
FCBE
0451
061E
096F
FFB5
F772
0B12
03A9
FDD5
03B3
066B
01BA
0173
0AD2
F907
F97E
070E
FF6F
FFC1
FBC2
0660
FA85
02F8
0558
08D9
09E8
0599
F562
F750
03F2
FCC8
09FB
002B
FF06
FCEB
FA50
FFE1
FFFD
080E
FAA7
0350
F93A
078D
01FD
FDB0
FDB9
06B4
FA8B
F775
FC32
06C8
F9C2
F920
FDCE
FD7C
09E7
FE37
FF0F
00D9
FEE4
FA94
07F5
063D
0777
FB20
044D
F7EC
0527
01C0
08E0
0497
FC8C
01AD
096D
FDF6
0070
FE9E
F902
F6A5
FD8A
002D
051F
07E1
FF05
032A
0B9B
0A22
09C0
FA0C
0503
FE6D
0066
05F9
F9CA
FC5C
078D
0548
03B9
063B
04BB
0215
FD02
0A6E
06B2
F6DF
0661
0026
0773
016F
084C
083B
F8CF
FB9F
030B
FB6D
F90A
004B
0986
0F25
06CE
05AD
0451
0496
0056
087D
F7C2
0A57
063B
FF8C
F423
FF10
F9D2
0408
0159
0238
FDBA
FD63
FB44
0828
FEB0
03AC
05C1
0603
FDD2
043B
FF92
0615
FD05
FB59
F6CE
F9A7
FAFB
0239
FB9E
07C9
FC2F
FA9A
0338
0260
012F
0295
FACD
FD01
FFEC
0623
FA08
0850
01FF
0F8E
F695
03C5
FAE4
00A2
FC19
06CC
FE6B
0565
FF38
0368
FC3F
0B33
FD22
05E7
FC10
F7BB
FA8E
057B
00AE
FE1D
F941
05ED
F702
FAE4
0015
0221
FEDC
07F0
FE73
FCB9
F9F8
06C5
FCF0
0634
F8CD
075C
07D5
0319
F6C7
FE47
0213
04EA
0665
0B25
F976
FAF1
FFD2
011C
0612
FFD2
0212
0150
06D1
FC93
F9F7
F857
0293
FDAB
FA4F
02A7
05BE
0311
07D8
0A6A
F981
0604
080B
0199
0BF5
0777
04FC
F6DB
FF97
F87D
F9A8
0434
FEF8
FC0E
07C9
FADD
003D
0A03
FCFA
073A
F97C
041F
F97B
F962
0133
09EF
03BF
00CC
044C
004B
0A9D
0630
F8E7
FAC6
FA14
07D1
F978
000A
0269
0176
F860
F390
F6B8
F898
FDA8
04AD
FBC8
FE88
0915
F83B
023A
0355
FF25
016D
FC26
FAEF
F891
F8DC
FD89
006D
FE74
F797
029D
F952
FFC5
02EC
FB94
FCEC
04D6
FE96
0528
0350
FA39
016F
016D
F6A1
FD3F
FC99
F413
0686
FB1C
FE1A
028D
FD4B
FFD9
0770
0532
F80A
0390
0AAF
FEE0
0319
0186
FA35
017F
007B
026F
FF79
F909
00E5
F7E7
056A
FC50
F760
04EE
F821
07C8
00D6
0089
FCBF
01B8
018B
035E
FFB8
FB56
04C7
FEAB
FA9E
F8F7
004E
0127
06FA
F865
FE14
FB5A
0768
FFB4
FF9E
FFFA
F960
07B2
F9ED
068E
FA01
FBE1
F892
00D7
FFDB
02D1
03BD
FC48
0039
FFC6
03EF
0366
F798
F29F
FAAD
0262
0940
FA44
0581
FF0D
FD20
F809
0A3E
0762
017E
0CE8
FB1B
0305
FE39
FBDF
FD4A
F6EE
05E2
03E4
FCAF
0019
09C9
F7D8
F8B3
F962
FF6E
F5C7
02D8
F627
01A7
0183
021E
02C9
FD76
FB62
FD82
FCD0
024C
07E1
F764
078F
FE51
02D9
01AC
FBE0
FE28
FD25
F50B
FF77
0260
F8AE
FE3B
FD93
F7CD
001B
01DC
050B
F6A7
0468
F8D6
FF02
FA87
FF2B
F9F8
FB4E
07A7
F876
037E
FF59
01C3
FC79
008E
FEB0
FEF5
07CB
FE75
0B7F
F92A
F8A0
F9DC
0756
FD38
F963
FCAB
F8AE
FF39
060E
01CE
FEE0
0B00
FEF9
F8DF
04F9
FA3B
F76F
0B31
00EF
07C3
01D9
052A
FDB7
0032
0540
025B
FE35
FEF9
FC49
0298
FDF5
FE8A
0113
0011
002B
FE1D
FEC2
FC9A
05EA
0724
FE50
008D
03E7
FDAF
02D1
03B9
0352
03AD
0E0C
F8D6
02F1
0914
04A2
FE85
FEBA
0288
FC9D
038E
0110
0888
028B
FAFF
01E2
FCFB
FADA
FD91
F6C6
051F
03C4
F9E3
04DA
F8C5
057E
FB78
029D
054A
FE3C
FB17
F686
FB9A
FABB
FDDE
02EE
0142
FEEF
F202
FAF4
02DF
F7D5
077A
039B
F6DA
01CA
039A
FF26
0078
FB22
074B
05CE
0240
FFCC
066B
02DE
FAA5
F741
05A9
FC5D
05D5
011D
023E
FFFD
0516
FA18
03E2
FF16
F9B0
FD7C
0544
F66E
F9F4
0B54
018F
00D6
07E4
FB21
093B
FC43
FD8C
07D1
FF1F
FCDE
0811
0644
054E
F4AF
FF52
01E6
0679
061B
056A
0282
F970
09C4
02CC
0953
07FC
017C
0A19
0355
001D
00F2
FFF3
F377
F54D
F90C
04CD
05FF
02FE
08B6
07E9
0227
12EE
0D7C
027F
028D
FE8D
08E8
07C8
FA4F
0489
FB85
0C59
073F
FB2F
1344
06F2
F8B4
05D4
07F6
F970
FDD3
FB43
F4ED
032C
04B9
0048
FE1C
05B5
0374
038F
FD7E
08E8
00BF
029D
F8DC
0479
FC8A
09C4
FA1F
FD8E
00B0
02BB
03E5
0064
FF0C
FDE1
FBEE
0035
FA49
FCDC
FD69
0041
F763
01B8
02F9
FA30
01F8
FFE7
07C4
FCDC
047E
FCE8
F944
FD4E
FAC1
FCEB
02F9
0067
F967
069F
0987
FB7A
0233
082F
F9A9
04DC
FD5B
FADF
02A2
FC41
012B
0773
FCAA
014F
0721
017C
FF39
FA02
073D
06CF
FC89
F9AA
FB92
FA78
083D
FAD0
050F
0712
FDF7
0410
F076
FC06
055D
FEC1
062B
0813
0820
F941
0882
0D8C
0A81
FE1E
FCE6
FEED
01A5
FFBF
FCA5
FEB9
00D5
FA28
00C5
01CC
0190
0323
FF42
FFF2
FDCA
F8B4
044D
011B
034B
03B2
F93B
05CE
FCD7
02D7
01A2
05E7
FD06
0073
FF5C
062B
F95F
04CD
083F
FB8A
FC2C
FAA2
FA4A
00C7
F7E5
FDEA
033F
FD68
F8C9
F5EC
FFB6
00B2
FC4C
0078
FD3B
FC8A
F838
04D3
04C7
FA0A
FA6E
FC48
FD43
08F5
0163
0471
05FD
00AC
080B
FE25
062C
FAC0
F4F1
FAD0
FAFF
FF76
03FE
0496
06A8
02C4
F83C
043E
FC84
06CC
07EC
00B7
06DA
FDF7
068D
FE5A
029E
04AF
070C
04CE
0603
FA30
049F
0713
09E1
02AF
FF98
01EA
011E
001A
0101
0620
0232
F87B
01E0
04B1
FDD2
F7E6
08E0
074C
0175
F7F9
07D8
FB42
FB88
FD2F
FDAE
F69B
FA05
02CB
FE27
0580
FFC3
F4EF
084D
0453
01EB
05B0
FA56
076C
FC5A
FABB
F71B
FBD0
FBF4
0731
0823
0690
0125
0480
FF87
FBD7
FEAA
FE60
F801
03DE
FCBF
0412
FEC4
F953
04C1
04EB
FD65
FD9E
FDE4
F35E
0859
03E1
FD41
FADD
F169
0405
FA29
03E1
02D4
F774
01F1
025C
01DB
02D3
0663
FB8B
FF40
065D
0413
04BD
FEE0
0A99
F55B
FAB5
0601
04D4
0468
0730
0A0B
0039
00E2
FC53
016B
01E2
FD3E
0529
F9F7
0238
018A
F7D8
FB2D
06E9
0090
FDFD
08CB
FD40
F87B
0ED8
F863
FB06
FAF0
F829
01E1
0028
F818
F9CE
079A
08DE
FD4B
FED4
FB1D
0449
0719
042B
F753
FB23
F792
02ED
F95B
FD69
00AF
FD34
F94A
0045
FA6D
01B8
0232
07DB
FBAC
0636
FB3C
05CC
FACF
FE84
FC76
0609
FC2D
0236
042A
0922
FA5A
066C
F61A
007E
FBB7
07D2
FD1B
04CE
FA3A
088A
FE3E
FCD4
FBD6
F160
F9CA
F78E
07CB
06F2
FF5D
FD65
F6E5
07E3
F84C
0889
FA86
017E
0AAC
0035
00FE
0DAD
FEAC
0838
0826
FD24
0830
FDB3
0621
07C2
01CD
F437
FFE5
036D
055E
0158
F99D
04B8
F87D
00F0
0186
0301
FAF9
0B07
FE2F
0199
FCF3
025B
FE37
0207
0004
061F
04FB
075D
096C
0477
F66E
FBC9
038A
0397
FBA9
F96E
00A6
0057
F8FD
0460
FD1A
007C
02E7
02AB
F771
09C5
0654
FE57
005D
F7A6
FCF2
0916
060F
0268
0750
0306
0549
0992
FD75
FA16
02F3
024B
FB1A
06ED
02F3
06C1
FE6B
F83C
0860
FB18
FE23
0B86
0528
014D
01FC
024A
099F
031B
041D
0436
FA86
0696
0491
00B4
0186
001E
00AD
0711
02F7
078A
024D
04E9
FEF5
FDB0
0789
FC0C
09FE
01CA
0CE9
00D3
04C3
03A6
0137
FCFA
FF42
FFEB
0672
F952
0267
040C
F9FC
FCB5
F941
013F
FD15
0694
082E
F467
FDD3
0369
0856
0389
F92F
F66B
F988
00DF
FB95
F9F1
FE92
F749
0332
F5E6
F84A
FA18
FD1B
F76B
F40E
0258
02C1
F3AD
F8CC
FAA7
F9A7
0357
F9A2
072D
F7E2
F968
0501
09A7
F2CD
0638
031A
FDD6
F931
FC3F
04A5
FB46
F72A
FBFF
FC22
0313
0462
FAF9
04F6
F988
FBE0
068F
09F4
FDAB
0050
FF6F
05B5
FE67
F91F
FEA6
FEC5
FBD9
05F5
FB04
FA27
011E
FC12
FF1C
08C5
FC03
FAE0
F151
FD88
F640
FD93
0907
0529
FC44
0681
FB72
0159
0306
0861
FF80
079A
0749
FFF9
FBE2
FD6B
07D0
FADE
F733
FEF0
02E1
F998
011C
0156
F872
F5C2
031C
014A
FCBF
0484
000D
05FD
F65E
0282
0258
0607
FDA4
064F
FC05
FD3B
047C
FE70
F9B6
FE07
FA47
F881
F383
FA82
03D3
06A4
FB6E
0560
FE90
03B3
0335
FA7D
0033
0695
FE13
0661
0513
00C5
FEBC
09D4
05C0
F958
FD63
FFB2
0728
F9A0
F7B5
FB34
03A0
F7EE
FC27
08CF
F2DE
F95C
FA61
0221
F5B1
0368
0548
04AA
FB6A
04E2
FC36
041C
FF6C
F8C6
06C9
048F
01C0
FAFE
0322
F7C5
FDFF
01ED
06EC
F8F3
F2B7
05AC
F85E
F8F4
FEEF
FA00
FACF
FE10
0892
FDE9
0072
0316
F7F2
003C
F912
FFA3
0CE5
04E9
FF14
F998
FFE2
F9E8
035E
0451
F684
FEEE
03BE
05CD
0621
04FF
F9EB
F85B
F946
0088
FA4A
0270
011D
F485
FD64
FC99
08C1
0472
012C
F7FC
04D3
073C
FD4F
0197
FE3A
FABC
0662
0373
08D1
F9D5
0260
FB7F
0340
FB78
031A
FBCD
0880
0670
FF2D
F679
FB0B
F877
05B0
F1D2
FB14
FAA5
0955
F9CE
FBF6
FE17
03C5
FEA0
FACC
F942
0187
F85F
F8B4
F5E0
FB94
FD5F
05B5
0319
FEA8
0462
08D5
FD75
030A
0728
FAA4
0662
03C2
FFF1
007C
0756
FBD0
0B7A
0049
0245
089D
02AF
FA01
FB9D
01B4
0721
FB94
01E1
0063
05D8
0031
FBFE
043D
0564
FF2E
FCD3
FA99
0900
030B
0136
04CE
F74A
F98B
F662
046B
FB6E
00C6
FFA0
FA5E
02E2
07E0
F3B7
FB49
F85D
054D
08DD
098F
0814
06AF
F777
02C9
0026
067F
FB58
EE27
FD3C
0107
0497
F7A7
F553
01FC
0783
FB96
0284
FE6D
0124
0480
FF8D
FF7C
F95F
F3E0
03F7
0847
FF89
0AB7
0073
08C0
FFED
011F
FB52
06D8
FD10
FE49
05F0
0322
FB08
05D0
00BE
01A2
00A0
FDA6
0154
F458
0259
02EC
FBD9
0501
0283
FB9A
FF03
FCC7
FDDF
0344
076E
03E4
FB12
0085
05DE
F77D
F9E7
01C0
F88D
07F4
0381
04A5
FF53
F88E
FB19
F4A7
FF83
0675
FFC9
FE19
FC8A
0282
FE87
FAFE
F9DD
F8DB
FF4A
03DC
0499
0617
06DC
02A4
FA6A
0525
0A04
02DA
F6F1
0444
FA3E
FA65
FA1C
002C
03E5
FFBA
F8E4
09B4
03F1
F821
FF4E
FCD1
06AC
0274
0345
0272
FD6E
04A9
FB47
0633
F6C8
FC14
FF2A
FFCB
0A82
FEFD
029E
FD31
0608
05E6
00B7
FFBB
076F
03C9
FA81
FBD6
FDE0
0998
F95C
F9B4
00B3
F6DD
F9BC
FC83
0294
032C
0575
0336
FBDD
FBB7
093A
00BA
00AD
0737
02E3
048C
FCA9
FA60
02F9
FC9A
01CE
F8DC
042A
F7B8
0442
03BF
0189
FD20
F991
F93A
FF72
01DF
F886
F905
0023
F601
FF05
FC66
F849
F8EC
FFC3
036C
F87D
FAE9
FEA1
FCEE
F9B3
0426
FCE6
030D
F890
0256
021B
FA81
FC1B
0123
F91D
062A
0478
0847
F9CB
FBE6
0227
F8AE
0549
FEE8
00E5
FC53
FAC2
FDF6
0056
F7F6
FAA5
FA50
FC4E
0139
0026
FE98
0591
FC1A
FF67
0078
FAC1
FBDE
FB25
081A
01AC
0488
00E8
032C
FB38
022D
FD73
F490
FB4A
FA8E
01B1
F91D
047D
046E
F66D
0484
020C
FC5E
F89B
F980
F875
FB13
FBBC
FAB2
FFE3
FF44
FB6B
08D1
04E0
FE94
027B
01D1
FC71
0072
0A66
0707
0094
07EE
F44F
FAF7
0625
FCD7
FC73
FB61
051B
FAC5
00B7
F3F8
FC46
04BB
0303
0132
FAEA
04FA
04D3
F6E1
00C0
0308
0257
0107
F925
F8D5
FEFD
0016
FB9D
0574
0228
FC41
0464
F94D
FD27
F651
041E
F7E5
0490
FA25
FDEC
FB90
F9E1
FE3B
071E
04B9
01F1
017A
0511
F9CA
02B4
0433
04A1
03AA
FA70
04DC
005D
FE9B
FDCD
FB36
02B9
077A
079F
0E40
0340
FCFB
FD5F
F853
028E
0363
0046
F903
FBAC
FF32
FF28
0389
F6A5
0230
F3BF
00C7
FE40
FA2D
021C
019C
00F3
02B4
043F
F98A
043F
0717
FAAE
FD1C
FF1D
006B
0F1D
024F
0475
0BF4
0354
F930
FA48
0A34
0432
F503
FBF4
0CB1
FEFD
0510
0895
FEC9
FE0B
00CD
FB64
FE6B
0508
FEA4
0736
038A
0985
00B3
00E1
FFC2
08E8
FC5B
038A
02EC
0906
FD03
0621
0327
FF8F
FDF7
FCAB
060B
FC9F
0888
FB07
03B8
0563
0169
FF2E
04EF
0573
0180
FDDA
FAF7
F840
F994
0657
006B
F72A
011E
04F2
06EC
FAC9
FBC4
02A8
FDA3
F9AC
00BE
017A
FCEE
045A
054A
0551
05A1
FE03
040F
005F
FA78
07CA
F7E0
FED3
062D
FC31
FF18
060B
07BA
F94E
02AA
063B
FD17
FD5F
0D1A
0044
FF64
0393
0804
027F
F875
F725
04D3
FF2D
02DE
FC6D
FE17
00FA
FD60
05A1
F94B
05D8
0E41
FB8A
F8EC
FDE8
045D
0526
F8DF
112B
0453
FE9A
0394
F715
FDA7
00D8
058E
079E
FE14
0229
08C2
FA27
066A
F8E2
08FD
0159
05BD
0781
FE82
0186
F9A2
FDA4
F9BB
05B8
068D
FE0F
058E
FE8F
F8F9
074E
FE2F
FFDD
F8D8
FB77
F687
FF39
F79B
F8AE
035C
F931
FF60
03AC
F79C
FD20
F8AB
040B
F90A
F805
03DE
133A
F40A
FC04
F7F0
0083
FD0E
0B21
002B
067A
0604
FEAD
F8FD
064B
0AD2
FAD3
0BFC
FA5A
0217
0653
0441
041A
0514
F6A9
FF45
0930
0424
FE2F
F9FC
00C7
FE52
0557
F712
05AE
0276
06BD
034F
051D
FBEC
F194
F8E2
0717
F835
0478
027B
06BF
FEB5
03BE
01FD
0108
FD7B
F9FF
FDF4
FEB4
017B
F5E3
FABF
03F9
049C
F85A
0932
05A7
00FA
F92F
FF05
F722
0308
FFE6
FF05
0161
FFEC
FC2B
03E2
FF33
FF3A
FC6A
06E4
02BC
00D3
F815
03D2
01E4
F834
02BA
FBAD
FF59
F9A2
02C1
012A
0830
0688
02E3
FD4F
FD81
FCE2
03BA
05D2
FBCD
02C3
FE5D
06E8
FCB4
F8FF
0C82
FBD2
0152
0B14
FBFF
0491
029F
FBF9
FA69
FCDB
07EF
F863
FC3D
FDA4
F904
FB4B
0034
FE2C
0242
FBE0
F427
FD27
066E
FA7B
FF57
0560
01BC
0A09
FF48
F6FB
0904
0625
FE12
05A4
FCB7
04DE
FCBB
FE07
0461
07B6
0671
067E
0738
02F3
F94F
FCF9
FEFF
0441
FEFC
06A0
F6D0
F9C8
04F8
0AC3
F977
0261
01E8
FEDC
FF28
0802
FF5F
0041
FFA3
0599
FAA0
FF6E
04CC
0455
F9E1
072D
00E4
FA00
FC57
0540
FF3E
FFAB
05A8
0267
0545
F403
F0D7
F8BA
F7E3
FC7D
055B
FC18
FACE
0019
FA13
0203
04C0
0290
040D
FE73
0085
FA84
0902
048B
FE8E
0B73
085E
0639
FD2D
FF1B
F8E4
FC7D
FFF5
FC22
00B1
FB14
0136
FBC8
FFB5
0674
F6BF
05DE
0012
0020
023B
0166
0B5A
1009
087F
F6CF
0569
0480
F8D5
FF99
FF1B
05C3
FF36
029C
FCD7
06F8
0468
FD12
FA6D
0846
FB9A
F4FD
FEF1
FDE7
0704
F976
FD53
0436
014C
03C8
02E0
0163
0750
FF6C
00A0
F8FD
03C4
0197
018F
062D
031E
00E7
0C33
0884
FCB8
F35C
0B90
02EA
08AD
FF2E
FE17
F7B1
0400
FE58
01FC
F9E8
0227
F9C8
043B
03FE
04C4
0F07
0237
09F9
0116
00C5
018E
FCB6
FF15
07F3
0106
0119
062E
088D
FC11
FABA
09E6
FF44
04BD
061A
022D
FD94
FE8E
FCE5
0530
05C4
F9CE
F868
FE89
F838
FDFC
02EB
019E
07CC
0692
FB60
FF85
0B45
0076
0185
FCB9
0E81
062E
F9E6
FDAE
FF8B
FE4E
0137
FA07
FE85
03C0
FC9A
0263
F548
0116
F851
FD0A
025F
007D
097F
0295
FCD4
FFE4
05F3
039A
FC7C
0676
FC9F
FDE7
FB85
030D
FC7A
FB5E
FB4A
FC45
F74A
FAAF
FFED
0601
FC52
FB98
FD02
FE99
FC30
0691
FE10
02EA
02F1
0628
FDC1
0617
081A
FF18
0676
FD0A
FCB9
FF64
0744
0450
03DD
FADC
FA11
FD77
0768
F9E8
FE4B
0846
01EF
09A9
FB17
06AB
FF95
0255
0808
FB8D
04C3
082C
00AF
FC7C
047D
03CE
FD76
04BB
053C
006A
F9E6
FF6E
086E
00D0
FA3A
FFBE
01D9
0363
041F
0094
07F3
FE7B
0810
0700
042E
F880
0536
FF27
013F
03E3
FEE7
FD82
FBA1
012D
FEED
FE2A
FCA7
FE16
F78C
08A0
0315
01CF
022D
0087
0005
02A1
02B8
FDF6
0744
FC0E
04AE
FFEB
0136
FE4C
FD1E
F7DB
FE9B
0AD9
0165
F95A
0514
0647
059C
FEE6
0426
06D1
F88F
0086
FC5C
036C
05C4
FB37
FD2B
024D
F47A
043B
FEC1
F739
01C6
FA91
FE32
F342
084E
0920
FF42
FB26
0170
FEA6
03BB
F5B2
0D6A
FB02
FF21
F55E
0064
0642
F8F8
FB24
FB68
07E3
020A
0731
FE63
0304
FEA7
067A
07A3
0059
F52E
FFB0
057F
F7BE
FBE1
FE77
FABB
04E1
FE33
FDF0
F491
FDCC
0022
FBD1
02DD
FE0B
0973
012F
F8ED
FE45
FFD3
00CC
03E2
01D5
0914
FFEC
F902
FA39
0426
FC94
0700
FCD1
FD5E
FDD9
FC51
008E
087D
0CDA
FD81
FD0E
03EB
05C1
04ED
FCE9
FC62
F993
0688
FF89
0104
FEFA
03FC
F986
081C
F8E1
FFD8
00FA
0451
030D
0053
FD6A
FFEF
010B
F8E9
082A
FFA0
FF7D
0169
0143
FBCA
FD48
F822
FC2C
07A9
F77C
FEF7
0485
FAB4
F976
FD68
029B
FE9F
025A
0191
06B7
09C4
03BB
0759
F6EE
F760
0873
FB9F
FEB0
0809
00E1
F83E
028F
075E
F719
000C
0707
F853
FADD
04A9
F652
F8F6
052F
034C
039C
FCC3
007A
060A
F9BB
F096
FB37
FCA6
FBEF
0187
F7FB
01CD
0199
FDE6
FD31
FD18
072C
F7E3
0182
FF5F
0993
FD83
0020
080C
09FA
070A
FAF9
0888
FD19
FFE4
F8D0
0393
03F6
0791
FABA
02E9
FD95
F9A9
0314
0811
0818
02F3
00FE
FC9B
FB29
FF76
0178
FFE8
0015
FE1B
F6E6
0106
FB32
0212
07E6
01CF
FBAB
063E
07D3
F8AF
FE02
F939
0810
06BF
0420
0473
03D0
FA10
010B
0865
FBC1
FC58
F956
F8B2
06E7
FD15
F95E
FC90
007C
FE76
0390
080D
FE97
FB9D
0D24
041A
07BA
026A
F994
FCA4
FEDC
036C
06E6
F89C
02D6
00CF
0686
0135
FE85
043F
02EA
0715
0891
FBF6
F8D2
FD42
033A
0D40
06FD
0049
0A9A
037B
FF94
FBED
FD71
F5E8
0651
0AC9
01BF
F9B3
FC1E
0717
FD6F
FDCD
FFDE
FC2F
0038
0D07
08E1
FEAE
0721
065E
F910
FEF2
FFBA
00BA
0AFD
07A4
0749
04FA
04D7
08FC
FBC7
0609
03F6
082B
0A03
04DF
034A
0772
086E
FE74
F966
019B
0134
F89C
FC48
FFF8
F387
03C8
025D
06B7
F9EA
0985
FBE3
FC72
04E0
0991
FA7E
FE03
03EF
0878
F9DB
03F6
0F16
FD48
01A8
FF4E
0894
FFAF
048C
FA44
F632
FDD4
FAC3
F733
FD14
0706
0226
F996
0568
FDCE
017F
077C
F988
FE18
053F
FBC4
011C
053A
F8C0
0730
0167
FA39
FDC5
024E
F925
FC1F
F710
0025
FA2A
FB74
059A
0080
08F0
0177
0174
FE97
FEB6
FD7C
02D2
FC9D
066C
033F
0727
032B
F580
0583
FE14
0037
0C17
FC7F
FE7D
FC85
0430
0ADF
0127
067D
FEC5
FE9D
FF2B
FABE
0399
F923
FA94
FC89
FEC3
01EF
03F1
088E
F4DB
03B1
03E0
F2EA
FB01
026C
F8D7
02FE
036B
FF19
02C7
0B82
FDF9
07E2
0153
0584
FDDA
04D4
FD33
0467
FBDD
0570
F9B5
089D
FEA8
08C2
0192
FC18
074E
071A
0920
F8B8
040F
F84B
03B1
01C3
0618
02E1
0100
F655
FA8F
037B
017F
FB96
0669
FB1E
FD80
068E
F9A9
0276
FC42
FC3C
03CA
FF41
FEA8
091F
080F
F733
FA9B
FF34
FF59
068B
F48F
FF33
FA02
0828
FEB9
0520
02A5
005A
062A
F752
FD2F
07BD
FD45
FD6E
0691
FBE7
FDFE
FDAC
F918
FD43
01B3
FB7E
FCFE
FE9E
030C
FCF4
FF66
FFD5
FB75
FA54
FF8B
0867
049D
0714
F714
0366
FD57
F663
FB78
05D6
05DA
059B
04AE
0724
FF75
EF56
FF59
0370
05AB
FC33
04A1
FEF2
FA67
05E5
FCE7
0766
FCFE
036F
09B4
F7BE
F93F
FB27
0488
FA8B
FA07
F99D
FCD2
FBB1
F77A
FDEA
0268
04F8
FF97
FFE0
F962
FAD5
FB9B
F935
FCCD
FE9E
FD45
F651
0166
02EE
08AB
FF7F
07C6
F6A8
FC37
0504
058C
04A6
01F2
F79C
FBE0
FB1D
FC5C
FE51
00FC
01E1
065D
FDE1
FEED
F720
FA27
FFA9
FAD3
06CA
FFE2
F6F1
FD19
066B
0844
0583
FF48
F74F
05F2
FB5D
F400
FB0C
F87A
F92D
FAF8
F6C5
00BB
045D
04F0
06CB
022A
FCFC
018B
FCE8
049F
FC0F
FFD9
05A5
078F
0633
FA69
FBC3
F8B5
FA6F
FD42
0267
FFAA
0783
05D6
FE5F
FEF7
03CF
07C9
0855
FDCB
06D4
0011
FAA7
F9E2
01BA
FE26
001C
FA49
030D
041F
FAB5
036E
019B
0011
001A
097C
F95F
01F3
FD89
FC91
FB8B
F5BC
033A
0508
05BC
06E7
FF4E
085B
FB2E
0021
FE03
00ED
0477
FE92
FE8A
03C8
0276
02BE
0104
0241
F609
FEB2
014D
F873
F4C8
FB11
F89C
FC46
FEE8
F923
F9CC
013A
0CF2
F76F
073B
0715
0089
0744
FDAF
045D
FDE7
0026
FC3A
FF29
F85F
FD0C
02B1
FD03
0039
FA5D
FA6D
0731
FE4C
03B1
0069
FFB2
FE1C
06F0
F9EE
F96D
FD6B
08CB
FD47
FD11
0792
FBFD
FF49
FB45
0915
02EC
FEAE
FAA9
FBFC
06A8
FF1D
FE63
FA1B
09DC
FD4F
01DA
F9FD
00E5
056A
FD9F
039A
FCCA
0928
050F
05F0
FDC8
0117
0158
016D
F7F7
F6B7
05B8
FB30
FE62
FE98
FF8A
0551
0352
0686
FAB6
0176
01EC
02F3
0AE4
FDA0
062A
FBD6
FC7A
04C6
FD73
029A
FC05
06B9
FFD6
F8E2
FABC
F6EA
F831
05C5
011B
FFE0
094B
0207
01BE
012C
05F4
05EA
06B6
006F
F9A7
F8BC
F8B4
050A
FB55
FC05
0443
006D
FCB4
FD8F
FFA6
FCEF
004A
02C1
F83C
0665
FF09
FEDE
FF95
F319
FF4A
06ED
FCF9
FA7C
FD36
F381
FE4B
0458
0003
077E
F8BC
0293
005E
0037
FBFD
FFEB
0050
F89F
FE16
0949
FF79
05FF
FD18
FB07
FF23
0608
046A
017F
FDDD
FCE9
04FA
017A
032C
FF13
F956
035E
077C
0779
FCAD
FE8A
F71A
06B8
0864
066A
FBB7
0477
FBBD
FDFA
F7D1
0507
040B
FF47
FA0E
F819
05EB
04BB
FDAF
0529
FFFA
0030
FC75
0405
03DF
0473
F862
FA21
F96F
0248
0873
014C
06B2
0760
00A1
071D
FBB9
FAAF
030B
0077
08EA
0580
0373
FFCC
F999
F58B
00ED
0528
FA9D
FBBA
FB19
FCD8
FDCA
FB4C
0020
FB66
FA69
0601
FD66
0722
FBDE
06C9
01EC
0100
0871
036E
F817
0C70
05A6
0450
FA3C
065B
FF1C
FCD1
FCBA
0717
095B
FA39
FB24
FDC2
01A8
F815
FB68
FDDE
FBFA
FE68
FA75
F89C
FAAF
05AC
0714
026A
FC50
04EF
F8DB
0470
091E
FDB6
FCBE
0101
064E
0360
FFA3
05A5
F60F
FAF6
05EF
064A
FCA5
F8BF
FD23
FF29
0515
F5C8
FBDD
01BE
F68B
04A2
0667
FFC2
F87B
FE9B
FBD1
02C7
FF4D
09A8
FBAC
FBF1
F7E8
FF0D
F74D
03C3
FAD6
F8B8
06D2
05CF
F9DD
04FE
0236
00C6
0245
F96F
064E
0B26
FB0B
FAE9
F683
F164
FBFD
F61B
F996
0481
FF23
F74E
02E5
F822
FF1D
014C
0471
0543
F7ED
009C
0243
0803
FF85
000B
FF59
FFD7
F998
FD07
00F5
00E5
F046
02F3
FAC9
FB2E
FB9E
FD87
02AB
F8D8
FC9B
0290
064E
01EA
FFB3
0608
FAC4
FB8D
FEB8
02C9
FE51
FF06
FFD5
0089
0628
10C0
FB0D
06E3
FE4E
0AB1
0147
04AC
0557
F6E8
F98D
0462
0281
F582
0464
FE9A
FE26
FCA6
0914
05B7
00D5
04C8
0158
FD00
0867
009F
0AFD
FC25
F96E
FA5A
0294
F899
02D7
FFC6
02CC
FA99
FF13
FC30
0536
FDE5
F8DF
075C
F788
0165
F6EF
FF61
0515
0912
FF88
FE86
F83A
FC1F
071A
FCEC
00BE
F748
0725
099D
FCB2
FE3D
FD9F
FFA2
0A6B
03F3
0C80
F727
FD57
008D
FD96
FE6A
04C3
F5AB
01C4
FA97
039F
00F1
F88D
06C7
00AB
0358
FF3A
0DEF
FD70
0829
00B3
03AD
F9D8
FB2B
08A3
FBD5
0013
FEDF
FA84
FCCB
0C5B
F9E2
02B4
0263
FB9E
F6BA
FB01
004F
FAFB
03E0
0143
0BC8
FA42
05D5
03BC
FB1C
00B3
0509
05B3
0817
FBCC
FFF0
0204
0BBE
FC9E
03D0
FDED
0893
05BC
FD7D
0BBE
FEF4
02CC
04BF
FDC2
FD8F
F6D8
FE81
03A4
005F
03C9
03C8
0768
01CC
FDD8
FE3D
F91A
FA6E
0444
02BD
0864
FCC3
01F7
0427
00EE
03AC
073C
03C5
07DD
07CC
F843
FFED
FBAF
FF41
FF7D
07F1
0602
057B
F866
FAC1
F705
0224
016B
FCC3
FDAD
FE17
FF14
095D
F586
04B0
FA05
07EB
FFBF
00B4
07C6
04BC
FB92
00A5
FF0C
0053
00A3
0AC5
FA35
0092
01B1
FA9B
FAEE
0201
0203
04FD
FE44
0241
FDD3
FCB4
001E
02A0
FB79
F4A4
0766
0410
F9E9
F8E9
05A2
061C
0201
FCE4
05A1
FAE5
0A2E
02B6
FE6F
03D9
080A
07C0
037F
0586
020C
06CF
0291
0494
0964
0843
0933
F9ED
FDC3
FFC8
FFA5
F96C
FDC7
FB26
0300
05CC
F98B
F1E7
00B4
01DA
06A4
FA5E
010F
0127
04C2
FA52
FD1B
0327
04EA
0009
009C
05B2
FDA0
FFCE
05A4
06C0
088F
FD79
02EC
0672
09B8
0089
0327
FF5A
091C
FFE5
0740
06B0
052F
FA92
052D
0C9F
0187
046A
FFAA
F9DF
04EF
0248
FE2F
0EA6
0320
F66C
FC54
FE7A
FDA2
FCB6
08AB
FCCE
0027
F9F9
F835
02F1
0086
0764
F96D
FE40
F56E
02A1
F6D8
03A2
06C7
FB7C
0884
08AE
FBE3
00D8
FE3E
072D
058C
FD66
F8A0
F813
FA3A
FC62
F56E
009D
058E
0121
FDCA
0362
096E
FD6C
FFB0
FC81
FDD2
018B
04E0
07D8
FFD1
FD5C
FAB7
0429
01F4
0667
0492
FBA9
FDF9
08B0
03A4
0362
07EB
0264
FED7
FF02
FF58
05EA
0692
0138
0034
0400
03B8
F994
0562
063F
0344
FEB7
0866
06D0
FA2A
FF26
0597
FB61
FC95
073A
06A4
F91E
FD9B
FA15
0744
06A8
FA61
0435
00AA
064D
F7F6
F824
FAE8
0A63
FFC9
FC44
F81B
FA20
FA82
0153
0246
0656
045E
04F8
0505
0C20
0A9A
FD69
FCD2
062A
069A
0639
04B6
026E
FB86
FABD
02A3
0556
F83B
0588
0C55
FF08
FBBF
FD7A
FF5E
03F0
03C7
FCA1
FED1
F9B2
01EE
FFAF
03F9
FF46
FCCD
F873
07B0
FE43
070D
0097
F7C7
FC26
062B
FCD1
0112
FE5E
04E1
FC3E
07EB
0631
FE84
01E5
FB46
FE6C
0BC6
0113
06C7
00C3
0194
FE22
FD29
051C
F9A3
01CC
F7AF
FC32
01E4
045A
0013
02BA
01A7
FE7C
0144
05D2
FE94
FC95
0237
FF03
01C8
0068
1005
F874
FB80
F888
FCA6
FCA2
042D
074E
F9C0
0727
F9F0
02D1
FD71
FFA6
0740
FB2F
02D0
04AC
08CE
FD84
00A1
FB36
F8F2
0512
F7C2
07F1
0581
FC34
F94E
1372
FCD4
0167
F9CA
0665
FD81
00F8
0647
F70F
0575
FD63
0021
FC75
0101
02E7
FF56
FBA8
0295
02D7
F634
0207
F8EC
0383
FC19
0488
FE90
0746
F764
FF23
0456
FD37
0026
0227
F897
0E5E
F80C
FFAA
FC95
0780
01FE
FA07
FDC0
01F6
029B
0499
F26F
FDBE
0101
FD00
01A6
FE14
FE17
01E2
F18B
FCF6
06C5
F4D8
02E1
FCFD
FFEB
09EF
0121
FFF9
F87F
0577
FEC1
FCE2
FFB8
F9A4
FEB2
062E
03C5
00CA
0075
0380
FF5D
08E4
FF4D
0665
078B
FBB8
00C7
0A80
F89B
049B
08E1
08A2
051E
09C8
0605
026B
0549
FB3B
0345
FD68
06F4
0795
08F4
FBC5
012D
F634
05F8
081B
01D2
F8D1
FEF9
FF36
FD2D
FAF2
FC9B
038D
06E8
0298
028B
FF37
FFE8
0346
FE54
FE90
FB60
09A9
09E4
0274
FCD5
F87E
01E1
03D9
01B2
0139
03F2
FE1C
FD3F
04DA
FC41
08D7
FD35
FD3C
0574
F81A
01E2
032F
063B
FAC5
05FC
FFCF
00E2
0406
FF1C
FB17
0012
F94F
0849
00AC
068B
FC4B
FA65
F2AE
0029
04B2
FC1B
06DF
FD1B
07F5
0316
FD95
F9FD
00B7
FC3C
FD86
FCCA
FB9A
03A6
F829
FE14
FE7F
FFFF
086C
F9CA
F622
FD5E
0597
05D2
FC36
FBBF
FC3E
FD8B
030C
FDBD
FB1A
020A
FD12
035C
017E
FF87
FB41
F852
FBDD
0C83
F5E7
FD35
05B5
F39B
0574
032E
FB94
0057
FA16
FF0A
FEF6
0165
FAF8
06BC
F6E5
06D7
052D
FD74
F959
FE7B
0413
0772
0C8C
F7BB
0407
09C0
05B3
F910
FF13
0212
0749
FD7B
02B7
F98A
0640
0681
F7D4
F9D0
FB7D
FA00
FEE5
07FF
01B6
FCC0
003B
0400
FD69
F9D7
01DE
0AEF
0549
0589
026E
079C
FA7B
0511
FCC9
FD0B
FC55
006E
03E2
F8FC
04EA
FC4E
FE1E
FF4A
011D
01B9
FAE9
029B
FF22
FB6A
F743
0358
02AC
FA82
01E5
0541
0209
FDC2
0809
04BC
FDBF
FAA9
FA20
04EF
00A6
FD0C
04EA
F8B2
0395
02A1
FCD5
FFC4
07B4
FD5C
00C7
0439
FE93
FB5C
0446
FD47
FC50
0823
FEA2
045B
FF33
073F
F4E2
0731
04AD
0119
03E8
06C9
FC38
FB39
0760
0513
FE81
F8C9
0602
0281
0139
FE0B
FD18
08E6
F842
FE54
FD32
0694
FC1D
0157
03B1
00E3
02B2
F973
03DE
FF15
0481
0638
0371
FB89
F2C1
FB3A
FAAF
F935
0241
FA4D
FF97
ED2B
094A
02BA
0437
F816
0101
0272
FE72
FCF4
07B0
FE68
094B
026E
F982
07B1
07C2
F485
FCAE
FD79
FD9E
0795
00DE
0631
FF91
FBAD
F989
FBD6
F3BC
FD66
F79F
0549
FFB8
0725
F803
FB5F
F630
0483
FB68
FAB5
0AB0
068C
FF63
FF25
F8FB
FF61
07E3
075E
06D8
073C
07FA
F859
0178
F7D1
FFEC
FD65
F667
FFA6
0443
FEF7
034B
FD89
0527
F849
F838
FC3A
073C
FFBC
F7F1
FC1A
F9FB
045E
08D5
034E
022D
0133
FE28
FDD6
00E6
00E7
019E
0ACA
0304
02F8
0105
060D
FED0
FD11
F78D
023D
0968
05AA
044F
03B8
FA73
F8EB
FA5A
0320
070B
F81B
F9D8
FFE8
0773
0222
0254
FDBB
0529
FDF7
000E
0129
0323
FB63
FC5A
FB48
04F0
F948
FA76
0025
0075
FC59
F61B
0146
06A5
F880
FCAC
F7C1
FB16
05BE
FFA0
0656
FF1D
FB90
FC36
F97B
080D
FBB8
08A4
0261
0090
057E
FF2B
FBE3
05B4
F9F4
FDB8
FB2C
06D7
0528
063D
F6E8
0BAB
F692
FE45
030A
FFDF
FCA4
F1A9
0029
08A9
0598
FDB5
F967
FF65
F989
FDB0
FC6A
08D6
FEA8
F9C8
08C5
0968
FFD5
F803
F7F5
FFB9
04D4
07AB
FE9E
FE0E
F83D
FBC9
F947
F66D
FFEF
F956
FBF9
FEF4
0816
FF82
FBC6
03A0
05B4
0AAB
FC84
FBDE
F754
095C
04B1
0F37
070F
01A3
FBEA
01B6
0660
FEA1
0343
0B94
0641
FA8D
0B2A
FE54
018B
F9A1
FDCC
FDC9
021D
FDE1
FF85
FFB8
0597
040B
FD17
F96C
FCA3
FBA3
0707
FD7E
05F0
022E
0400
0937
F8A5
02F6
FC0C
0098
08D2
FA84
FD06
0759
F9CA
FCA7
0260
FF68
F720
FE40
FEEF
FED3
0090
04C1
060A
01D4
F72C
083C
0526
FF34
F701
FA91
01E4
05DC
03AC
F9E5
0016
0003
FD90
FFAB
0A39
FE7F
FBFE
0114
F900
FE41
FBC3
FDF0
04C5
F83D
07C6
FB59
0133
04FA
FDCD
FA57
080F
FCD0
025D
03EC
088C
FFB9
F9EC
FE05
04F9
FE70
094A
0558
048F
F466
F736
02FC
0840
0756
0941
FE32
0C10
065F
F80A
003F
015F
FFCF
FA02
FADB
FB1E
037F
FBF7
00E6
07E6
F643
FBCB
02FE
F8D4
068B
06B8
F6C5
FF8D
0235
FFC0
F61E
0541
076D
FFEE
0948
FEA1
FDEA
FDFB
0A05
0215
041E
029E
FDAB
007E
FBC1
0665
01A8
034D
FD82
F8CE
FD80
F812
05E3
FA01
FFB6
039E
F8C4
F71E
FA55
F81A
04B2
FECA
0236
FDF7
F75D
FBB7
FEAE
FD4D
04ED
00A1
0583
FBE3
095B
0864
03B3
FE5C
FC4A
0016
FD46
002C
05FF
030B
FF59
FDE1
06E9
0478
00C0
FFA5
037B
FD94
0196
017C
FA21
0754
F800
0104
05D7
FA2D
0659
F0F4
F92F
06B2
012D
FE89
0400
FD3F
FBC9
FF99
0290
FB3D
00CF
FD72
07D5
FB09
FB98
07B1
FDEA
0B21
02D8
06A2
08E2
F93C
0700
FECB
07C1
001B
FE0B
FCBA
F1BE
F573
0808
010D
F54A
06AE
0411
0786
F883
08F7
FDD2
F99F
FEE0
0448
F9F0
F877
FE96
F94D
023F
0847
FA74
F930
FCCC
FD56
0123
0933
F9EB
060D
FEF2
077C
09E6
009B
FD4B
0248
08E4
02D0
04EA
07FA
062E
012F
FDFC
04D3
01B9
0134
0023
0826
FF04
F899
0794
FFD0
02CE
0618
FF8F
09C0
089A
FEE4
FEFA
F701
026F
0CB5
0736
0110
FC81
0654
0350
0752
041B
009F
06B3
F127
030B
FC8A
06CB
FA43
00EE
F835
07D5
F613
04E6
FEB1
FB0B
0AD0
FDD3
FFAE
FE9F
0023
F675
036C
FD29
0174
FCFB
F949
FD86
F93D
009E
01EF
FC45
F715
02D4
0642
FFF5
FFD6
F8B6
01BB
F955
FA3A
FF36
0AEA
08EB
FF8A
07AE
0274
092D
0497
FECF
04EB
02BF
016B
00C9
046A
FD76
0299
04B0
FCE5
FF8A
FB53
0224
FDE5
FE84
0773
FDAD
0679
0801
0449
0227
F64F
09F5
0938
FBE6
0211
05C8
04C2
0B2B
FCD9
02FE
FCE5
0699
FA5D
03EF
F765
004E
FC57
02ED
F77D
FB99
07A8
0662
0572
0574
061F
F868
F735
FE8F
07A8
0729
FB80
029C
F9B4
02B1
FCEC
F2C2
0229
F9AF
0833
FA9E
FB9E
068A
04DB
08BF
F552
06FD
FA97
FA6D
FECA
FC1D
0A0E
FE30
0857
FA74
054B
052F
FCFC
FE8C
FF5C
F8F4
04B1
F9FA
FCC3
FEDD
FB0F
00E0
F645
FDCA
017F
F7ED
0060
0B39
FFA2
0AAF
0497
0727
FE8C
FBD1
F94A
FDDE
FD91
013C
0212
F59C
073E
FD3C
04D6
FB0C
FAB2
FFB0
FE2F
F838
0B74
F821
05B5
FA36
0926
FEF3
04E2
FB81
FD63
FD68
025E
FEBC
FD92
0118
F9B3
0485
0599
FD19
FDFD
07A1
FA12
015D
0424
FDD6
FDB1
FB29
080F
FA84
02ED
0969
FADD
0477
0526
FC6A
07E4
F9F5
F948
0463
001F
FD36
072B
FFE3
0113
032F
F870
0611
0744
071E
09FA
F29F
08BD
FDB0
FA40
F057
01FB
F4CC
0A57
07C8
FFD7
0814
094C
0783
0715
05D0
0526
FA6C
EE0B
0731
0C73
F89C
0172
FC67
FB42
09EC
0C11
FD1A
FEF0
FC16
091B
06AF
0435
F7FA
09FC
FA1D
021A
FF6D
01BF
FAB3
1092
FDC8
FDEE
01EE
0448
F572
0721
F6D6
039C
FCF7
03EC
0728
FBCF
FFCC
0300
FE8B
F68C
FE2F
0391
FADD
F9F7
0EBB
01A0
F4DB
F2FE
07ED
0777
042C
012D
0469
02B3
FF22
0515
0252
FD68
0499
0310
08E0
0103
0122
008E
FD59
F9E5
02C7
0202
0291
FAC9
FEFE
FA34
FDFF
05FC
0183
FB2F
FAB7
01FC
FD9C
F14A
FA0A
FD72
074C
0082
059C
01BA
05D9
0760
F710
00C3
FE14
0467
F97E
05CE
FE23
F91B
FBED
F1B0
F29A
F818
FB53
0170
F637
057E
F7FC
FDB9
F5F2
F72E
FA69
039C
0B8C
06E3
0516
0402
066D
FE39
0382
032D
0599
FECC
FC82
0627
01B6
0594
F8CA
04FA
FE82
FC3F
FD70
07E3
FF4A
003C
0033
FE64
0D50
FB1F
0589
02F2
04F7
01B4
F9F0
000D
FD7A
0A21
FBBB
F97D
FDBA
01FB
07BA
0064
F69B
0324
0549
00AF
0023
FD9A
FD4D
0BE5
F7D3
03C5
001E
FB56
032E
F793
FA63
FC47
05D2
F65E
FE92
05BA
0558
F7DB
FDD6
FF22
0070
F88B
FBA8
0148
036F
FE3F
0821
02C1
FF93
0832
0003
051C
012C
FD9D
FFB5
FACB
FBC4
FB14
073E
08EA
0124
FA75
05E0
0474
0421
03EE
00A0
F88A
FAD6
040B
0A9D
FED9
03E4
F8E5
063F
FE5D
FDF4
006D
05F0
0687
064D
FA34
FC3C
F806
FA0E
FBFF
09AB
0362
FD3F
06EF
0096
0863
039E
0B02
0AD7
FC98
FC85
FF5C
0247
0849
F95F
F619
FADA
0033
0287
FD5C
0314
FEBF
0843
FE06
09EF
FCFA
08AC
049B
0433
F882
0652
0730
09A8
FD87
FE4E
0241
F863
03B7
01A9
F946
0124
01E3
0B63
0608
F690
03F1
083E
FB0D
FD86
F8A8
F9CF
0629
043F
03FD
065D
0A10
FD1F
F9C5
F968
F542
0448
FCDA
0023
FFC3
FAD9
FDC6
FA60
FDBC
08E0
FC96
FA69
FF35
07B3
07D6
01F9
FECD
07B0
034C
FCF6
F83C
F76B
05B6
0058
08B5
0104
F67C
F967
FC35
0556
FA4C
02E8
05C2
067E
0706
F8F6
02A8
0994
031A
0495
015B
0538
04E8
FF01
08DF
F844
FD52
FE04
0BA7
02B9
FE83
043F
04B0
02A4
0867
FB7E
0A71
058E
0476
FA29
FEB4
0273
0004
F99A
FDA3
04D0
FEA5
FE17
FD5E
F9D3
02F2
FA63
FF3B
0308
0746
F8FC
0286
0DBD
FB85
012E
082A
031F
05D8
02DC
FB49
07A5
06FD
065A
0D45
F880
FD10
FA89
0655
EFE2
F718
FB7A
080E
0105
0194
068C
FC18
08CC
F9F0
0676
0615
FBB6
FF49
074E
0120
0781
FF24
FEB4
FAEF
FC2F
F403
FF4D
FBB3
03C0
FED9
09DD
0A1B
03EB
FACA
FB26
0614
FB7B
0336
05D2
FB12
FDA9
0604
FB85
001D
0244
FB40
F924
03C2
01DC
FA37
0724
FF7C
022E
04C9
0145
0643
FE18
027B
03A4
FD3F
001A
05F4
059D
07A2
FD3A
FD77
0924
F664
0064
05B2
0651
069D
FAC1
FB87
FC71
0474
FBA7
FD8C
02F1
02FD
0894
05C1
07E6
0785
0671
02B6
008C
FC95
061F
0058
0677
044B
FBD5
053C
00C4
072D
0686
F5FD
01A4
F981
05E0
05C4
FE86
F959
F8D4
F7AC
FDFE
0146
0041
05A5
045C
FAB3
0369
04DA
02B6
0732
02E4
F7BC
02DA
FEBB
060C
FBDC
0809
FE14
02AA
05FC
FD5A
0777
0B86
FC49
0329
FC6B
F916
F5DE
FD57
FEAC
FC1E
FDDA
F822
025F
F41B
FAB8
FEB6
0234
FE00
FF84
03E6
FDBD
F3F9
05EF
FEAD
FC7C
00B6
F7C3
0199
FB90
012D
00AE
FFE0
03C4
04F0
FE48
0049
F9E2
07BE
FA69
0228
F1D3
075D
FD1E
FB6B
081D
FCD6
06E0
0030
FBB9
FD79
05BE
FBEC
0082
FFB8
0140
065B
0043
FE12
0814
0183
077B
F85F
F94C
FF99
FF62
F115
0417
06E5
0808
F8D3
03E0
FEEE
0424
F9E2
FF81
07D1
004D
0573
F999
05F6
F932
FCCA
02C9
0279
FDC3
0504
09BD
FDDA
FA85
F748
0747
08CF
0163
08DA
02B8
FF4A
F457
00FC
00DE
03E6
0857
0223
00C3
FDE7
FE16
F93E
FA46
0B7C
06A1
F6B0
0129
FB6C
0314
F9EC
F816
FBD8
04A3
FD6B
FBEB
080C
0216
01AC
FBDA
04E9
01ED
F7FC
075F
F9C3
033A
0361
FE09
0597
F359
F615
0DF0
0154
FE85
F9F4
FD44
0982
0352
06D1
01C3
0524
072D
F9C6
F7FB
FB02
FABC
FE19
FE55
022B
F80E
F885
008D
F9DB
FB3A
05DD
FDAC
0C44
FC06
FDB4
0B24
01D4
0495
06E2
038D
01FB
FF92
0452
06F2
01DC
0811
004B
FB5E
FDCA
F973
FF2D
0AB5
FA69
02A5
01C6
04D2
FEDD
FC8B
FC13
F857
FCFA
FB34
FE23
F9A8
0481
FC0B
FA20
0824
FBF2
F404
0732
FCE6
0653
0614
FC37
F961
0063
08D5
02CC
02FD
F86B
0180
052E
038C
070D
FBFF
FDD5
0023
04C2
FAB9
0811
0598
FEA4
0350
F9A9
FDBF
0689
05EA
0737
0457
FB96
F940
FC01
079C
079D
FC9F
0857
07B2
0420
F80A
F21E
F5B8
F8F9
FE1F
015A
08C8
04C0
FB5B
052E
FA46
FE4E
0478
F8DA
043A
FDDC
0318
FCD7
0677
F696
FE94
FF17
0207
0190
0582
0116
FEB1
0536
FDD6
0176
F976
FD4E
F922
0019
FC7F
05A6
024C
FF89
FE96
0745
F969
FAF9
0549
FD71
04B0
029A
005E
FF4A
0526
F7E9
FFDF
0233
F7D8
08F4
0588
FF69
F6C3
0371
FE90
058F
02FA
FDDB
F9A9
FD05
04B7
0698
FD62
0467
0679
0100
043B
015B
FA16
0122
01D7
0113
022B
0094
01BB
05DF
014C
05C5
0897
0348
F604
FC30
099A
FE93
0196
F43C
0894
F21D
F39A
0400
0205
0726
FD71
FC18
077F
0583
06AA
00D8
FC5A
092C
000B
FEB6
065B
FC65
F64C
FB52
024A
07C3
0410
0136
071D
07BB
F673
043A
FC14
F9D5
01C8
F9AB
FEAA
0915
01BA
FF75
F646
FEC5
FCF8
F922
FD11
FF48
FC19
FDD6
FFF8
0470
F6A6
0243
FF7F
FE04
078A
FE74
FB22
043C
F7AA
0015
07A4
FF12
FDCB
04F8
FAD1
F9FD
FD9A
FDA6
06F2
F4EA
FE02
FAD7
FECF
037D
FECD
036F
FD73
02DA
FB47
F8E2
FFAC
FE49
FB67
FA4C
0075
0330
09EA
FFB6
F46D
FA95
FC58
FA92
060C
07DF
028D
053C
F508
035E
FB38
F955
0A35
02C0
051F
FFE3
06B6
02C6
0547
01BB
013C
FE98
FF14
05FE
0C1C
FBC6
0234
F752
0117
F96E
04D3
053B
05D4
FC2C
F9B2
086A
F8B3
0154
0100
F694
04C8
F6E9
0190
0160
F83A
0AF9
08E7
FC2D
0130
FECA
0758
FF1C
FF28
03A0
0678
FB69
FEB9
FBD1
FD69
0AFF
FEAF
01C6
0153
F951
06A4
0337
0A50
012A
FC14
087D
081A
FA3C
08EC
FDFB
F5BE
F985
02C2
FA1F
FBDA
FCCF
0908
02A1
0645
F5D6
F97A
FE2C
F4D9
FC38
FCA9
0244
02B0
FA3B
FC98
0091
0229
FA90
0585
FAD3
010B
04E7
FD06
03A9
FBDA
FCBA
00EB
FF53
048F
FC2C
0430
0E5D
F92F
0094
03B7
FD7E
F9CE
0804
0530
03CB
FD07
0191
FD62
0A0E
FED3
010C
FC29
1247
0029
F928
00F6
FF56
FA63
F8F5
0A7C
F687
FC14
FB1D
FEF0
F7F0
FF14
04AA
FD69
068B
FA4B
F0FC
0478
0061
FC38
08D1
FAF4
020F
F41A
0683
F9B3
0621
FE7F
FDEB
05A0
F6FD
014A
F7E1
0263
FABA
FD83
FD9A
FFEB
FF15
0E2E
FC0D
046A
F61C
01CB
F658
FA5F
FFEB
FDE2
FE54
0359
003E
FDB0
F686
FADA
0769
09E4
06EF
FD53
FE08
023A
05F8
0587
0346
0978
012D
FFF7
0176
002E
FD62
F798
0384
01DB
FD04
FCDE
040D
00B4
FB26
068D
0DF0
0434
00E4
FA11
00A9
FBD5
09C1
FF47
FB38
FBC1
01C9
FA67
0C37
0140
08E6
FF3C
FE02
0058
0331
0BF7
0817
0C40
F519
0471
0250
FB80
03C5
FBB6
FD15
0E7B
F6D3
08D1
0389
FD3C
0225
0AE7
05FA
05A6
020D
05C3
FD99
09E0
FCC5
F7F1
F703
F6E7
FB66
F54D
0607
FD93
00C0
052F
FCF8
FB37
0818
FAE1
F774
01A6
03A7
07BA
0474
FC1A
FD3A
05F9
F57D
0882
0617
030D
08CA
0190
F9F4
0077
FF35
0976
064D
04C6
04BB
062D
F5C2
030C
026F
01A6
FAC1
01E0
F992
08A1
FE00
0913
FD7B
060E
02FA
0303
05FD
051F
FB89
FE8C
082C
015B
FB66
01AD
0794
0658
FAAD
050A
FDFD
0A8F
04F8
03FD
012B
04FB
FA0D
FED1
0853
05C1
0440
FD0E
016E
FF96
01EB
05D9
038F
F988
FEE0
FDBF
0563
FC29
F9A2
0208
05BF
FAA5
040E
01EF
F98A
FA90
FD00
122F
0B8B
F763
0783
FFF5
F94A
FAED
072D
F7FB
FAE9
FBF6
023E
028E
0002
0475
FBDF
04DB
F299
FBE8
05A1
F854
039C
00D8
0724
FFA2
FB09
0810
FF9E
FBB6
05A9
F796
F9DF
052A
FFED
01E0
FD07
01CB
FB84
FA95
FC96
F867
024F
023F
06EB
053A
FBD3
0DF4
FE63
FAEF
031F
032A
F882
0310
FFA6
00AA
0884
072A
FCE0
FA9E
0794
FC55
038D
06E6
F961
FCEB
FF00
FF17
0A26
089F
FDD1
FF3F
F671
02FB
FFAD
02A7
FB36
08C5
0824
FBF0
FB02
F817
FAD5
014A
FCD5
F7BF
0882
F384
F8A8
02F4
FE1A
0707
05F4
018D
FAE4
023C
049B
0534
0083
F6F3
0442
0238
028A
FC82
FBE4
08AE
06CB
F87E
FDD8
FCD6
0508
F54B
F9C8
F42F
065F
FEA4
059F
050C
FEB0
0395
FD2E
00A5
093D
0459
019C
FB61
FF21
07B6
0066
F852
FAE7
F958
0603
0041
FE8D
023C
FD96
FD51
0941
FA74
078A
FA0A
FB50
FA9F
F9C3
04F0
F9CB
06D6
FCDC
01DC
FD8C
FCC9
06C5
009C
FE58
0C0F
011C
FBCF
009A
FDAA
F5E1
016B
F215
0865
FFEC
085B
0704
0733
0149
0050
0EE3
0727
F8F6
FF9F
FBE9
0691
05BB
FD6E
03A2
0871
FCB0
FDC6
FD8B
0413
F9C3
0025
F8B0
0620
F90F
06DC
059C
FDD3
FAAC
FE63
027D
0652
FC21
F399
09F5
F80A
0A9D
09A2
0808
00F4
FB04
FAE4
0A04
08A1
0458
0451
FFC4
0522
08D5
FD6F
F8FA
017E
FEC4
FA36
098B
FE31
02BF
FFE9
F8A9
F8D6
FFDA
040F
039E
F994
FBB5
0EB4
07C3
0266
00E9
0388
F9E9
F761
06C9
055A
0046
FC1B
025F
0008
0957
021F
03F4
F9A2
046B
028E
011B
FDBD
0142
01A8
06E6
FAB2
FC71
0403
014E
009F
FCFB
06EE
041E
0069
FDF7
FC69
FFD1
03FA
FA42
FEE8
FAA3
0204
FE91
F4BB
0097
08B4
07F6
0369
FECC
02E5
03FE
FFDE
FF84
04E5
029B
F9C2
092B
0216
0512
FD67
0B91
FA17
02DE
09FA
0513
1052
07CE
07FA
FC39
04A0
04E7
03D6
F5F9
07BB
0A0F
01FB
FF79
F9B9
0477
0A7C
FDAC
FF67
00A7
FE08
01F0
01A7
064B
F6AE
0665
F67A
046A
FA76
FE9E
FAE8
061A
FDE1
FB97
F88D
06D7
0A16
0A6C
073A
F62E
0D87
FD78
FD33
036E
FB1D
F4E2
0445
00C4
06DB
EFE6
F816
FE5D
0859
FD4E
FB4E
FEE8
02C1
073F
0130
FFED
FA6B
FDB1
0675
0397
FA7B
054D
F9DD
0AB3
FBAF
FE24
FC6F
0845
0643
0C06
FCE7
FF15
0478
F7FA
FA96
0636
FC90
FEBA
F8B9
02C1
096D
0624
FC02
F8C7
F409
080B
FF13
0261
F82F
040C
061B
FED0
F994
07E7
0FE9
FF7C
FFD5
066F
FA1F
FA11
FF0F
FEF7
0095
05F8
F8CA
FD62
0512
084F
FBF3
034E
FD26
0366
F4B3
04F1
06F8
FD5C
00D1
08F4
FE0C
FFBC
03A2
001D
FDE8
0B52
FF8E
017E
F6F2
0E9E
FA96
FC44
FF3B
0045
FCBA
03AA
0115
F8BA
05B0
FF84
0297
F5E3
FAE3
0035
FAF6
F9EA
FFDE
FDA5
013C
FCF1
0634
05DD
036F
0104
0F53
0748
FAA0
02D2
0438
020E
0B9C
0439
F89A
FF55
FF4D
0622
FB5D
05E6
0C78
0501
0644
042E
06B8
FA9A
FBB0
FE51
0686
00B1
08EE
0534
03E9
FBF2
FA61
0117
0105
FCF1
06B6
F868
076F
0012
0989
FD22
FC69
FA73
0616
0628
FDF5
03C6
019F
F8C9
FE81
0061
030D
F12C
02AF
0255
028B
00C8
06F5
002B
00D6
F71C
02DF
03F3
0476
00A0
06D4
02BF
0160
FA3A
0988
F9F5
FF59
F7C8
F81B
FFDC
0187
F937
F2DD
F745
054C
0687
0531
094E
0A08
06C8
057A
046A
FEDA
F76E
F9CD
FB81
00BB
F866
0248
F9D8
0A40
095F
FDE7
01B5
0595
F980
02B8
08AC
077F
FE58
0034
FF96
FCAD
FCFE
FCDA
FD2A
0836
02B3
02E4
013E
0736
FB10
0093
FCC6
FC1B
FE6F
FBE5
FB60
F813
05F4
026A
0100
05F8
0493
05F4
049E
FD09
F85A
0240
0851
0C95
0880
FFC7
FD06
0053
FF6B
FAE1
FEDB
0247
085A
004E
03C8
FE84
0379
02DF
FA74
0192
10AC
081C
0141
FE33
06B7
F8E9
0E03
FF44
F98A
FA74
034D
0735
FD28
06D8
FCB4
F935
061A
F9B9
FABA
FE5D
0913
FC07
FB16
F61C
FBA9
F905
FF98
FDD3
F9D2
01E8
026B
F33A
09F2
F750
01F5
0225
05B1
FEF9
FA60
FD8A
06A0
FAFD
FAC5
04B7
0444
FD31
083A
FBD9
FD2D
033F
F7BB
FCB6
FC1C
FC9B
0569
0578
F3DE
F7AB
FB2F
FCE2
0617
047F
FBF5
FF20
05F7
08E0
07A8
0070
0D2E
FA57
FE83
0985
02B4
00B8
FE99
F94B
F719
FE5A
FA89
FF46
00B5
FF1F
02D9
FFEF
FAE5
FC3C
038C
FA15
F5FE
FCCA
001E
08FB
FA17
07FA
070F
09C1
02FA
F866
FCEC
F9E8
FE8B
0105
0394
04D4
0158
FE70
F89E
FC77
05E6
02D2
0166
F853
0339
FBB2
F692
0754
002B
06C3
0169
F953
F440
0160
0AB6
038F
04F3
FA19
F9D7
FA7C
087D
FFCF
FDB7
FF80
0345
033C
0783
02D1
039B
06F3
FFE4
FA3B
FE0E
0865
01A9
FEE8
0421
FEDB
FFFB
022E
04E8
FAC7
F917
05B4
0527
0619
0790
FC83
02AC
FB2A
0315
F8D4
FE53
FE81
042B
FE38
F7F9
FABA
F915
0493
03F4
F8DC
FBF1
FAEA
0950
FF88
033A
FF50
FB25
0438
FFD9
F40E
F591
011C
0090
F934
F6F8
0446
0A17
FDFA
F861
FBAD
F509
0770
080F
FACF
FE1D
02A5
08CA
FACE
06D1
080A
F9CD
F331
FC69
0B7C
FCDF
0065
FAFB
F96D
FEBF
FC13
FDA8
0153
F628
0494
1162
F869
0422
FFF2
046C
0180
FA32
011B
FC3A
0584
03F2
0932
F631
00A7
FA0F
084C
FF8A
0778
F42B
0027
0342
FABC
02E7
FFBA
FD54
F7C0
0859
F7A5
FCDE
0812
03E3
048D
FEDD
014F
F9A6
FCB1
F7A0
FCBA
FFA1
FEF5
07F2
1049
F3B8
FA87
F69C
056E
FE16
00F9
F523
0D22
FA55
0B06
FF53
02C4
FB23
07D0
00CD
FC4E
0316
FC4B
FF76
09FC
0854
FF35
FB78
02D9
029B
FA6E
FA7D
0327
F61A
FC57
FF33
0BAC
FB25
F647
00DF
F801
FEEF
F977
FBF8
063D
F787
FCF3
04E5
FAAF
0083
FFA2
FB77
056B
04A5
FEF9
072B
FE3F
0C5B
FF9D
F5DF
FF43
11F2
09B2
010E
0682
00C9
FFD2
03C7
FB65
F66B
FF29
FBB1
0458
F7FC
FB0E
FFFF
0B39
FDF6
FED8
02FE
07AC
F8D1
084C
05F7
0755
FD55
0291
09B7
000E
FD80
006A
13DC
06E0
FF6F
045A
0A0B
F857
FB4D
0509
F909
0BEA
FCED
085F
0344
FA29
02F5
FD03
F2F1
FAD5
0915
0790
0284
0684
FA27
024B
06E3
06DD
048E
051E
0873
FB96
FAEF
FECE
F531
F599
0397
FD08
07CB
05D8
FFFE
09D8
0901
01DA
01D0
F909
00FA
022F
0636
F7B2
FC7F
01E9
F8CD
0436
F8C3
031C
060A
065C
FD13
F872
0892
086B
F4F0
0577
FC67
0593
0291
07E6
FDFC
FC72
0072
0C10
049B
0341
F7BB
FE42
F88C
FAFE
FED1
FEC7
FD5A
F82E
08AE
0344
0A03
00E1
FA5B
F7D9
F875
0107
00BB
FE58
0386
FB03
0822
0C49
04CE
F9C5
FC58
02C9
FA57
FE16
F99E
F356
0644
06A7
FFBA
02CC
045F
F8A2
F90A
0AC7
0B81
08EE
FD1B
FA23
FB49
FFB1
003F
FC09
F309
0679
FBCC
031B
0381
0B85
FC6F
FDD1
0136
014D
1012
F9EB
095F
0D42
FBD0
00CA
F86D
09CE
F5D1
06C7
FE0E
04E6
FEA9
05DC
0704
FFB1
06F4
F8B4
064C
FE08
05F0
FB20
FE36
F9AA
09A4
F69F
03AD
FDE5
06A0
FF9B
FBB2
0381
FFF8
0127
F8C2
0271
F9AA
0092
F5BC
01FC
00CC
0562
FFB0
002F
0423
FA85
00B8
F9E3
0403
0434
025D
04DC
0367
FF29
FC72
FD2F
0287
03A5
0646
0375
FE1F
FD43
0624
FC06
FEFD
FEC7
08D9
FC06
05A4
FB5E
FCD7
FCEC
03B7
0016
09FD
FB08
0816
FC8E
02C4
FA82
09E7
037F
0989
FE4C
0833
06C2
05E9
0861
FB3D
FA8C
F897
059D
FE63
FE78
0B9D
05CB
0572
FC79
FE90
FAA4
09ED
FD7C
053C
FF39
03A3
07C3
FD22
F940
00C9
04DA
FB7E
01DD
08F0
074E
014C
FFC3
0361
0045
058D
01CA
FAA5
FBA8
085D
FC99
090F
FA49
0218
F857
F9CF
FEA9
FA5A
0055
00D5
F7B9
FB17
FEE0
04C8
F7A1
0782
0658
FAA1
FA05
F99D
01A7
F9C5
FAC5
F506
0B13
07DD
0DE7
FC9D
066C
FB09
FAC6
0736
FFC2
F719
F9B8
0260
0130
FE7A
F959
077A
0017
075D
FD63
FE10
F9B5
FD87
FFB4
FB4B
01E7
FCA2
0B78
F5CF
0017
026C
00E6
0633
0156
FC59
038C
FE95
0366
F6D3
FD6B
04C3
FCEA
FBA8
04BA
FF63
060A
F9F8
0391
088E
0507
FA33
053D
0745
F91A
023E
01F3
08A4
0A38
05FF
0102
F769
053D
EFD6
FE0D
00F9
0620
FF00
0AAA
FE46
07B1
02AE
FC09
F0A9
0627
00A7
014B
FEF3
FFBA
04B4
053E
02C0
01C0
07CE
01F9
FA0A
0454
F3CF
0333
03EF
F50A
0432
F79F
07DE
0599
00F9
06F5
FB11
FD3E
F830
084E
061B
FF74
F903
07DB
FDCD
F035
0634
0055
F6E7
0309
FB44
FC84
0544
0DDE
FC1F
00E7
F42D
F880
FC48
0754
0448
03C7
F861
0D8C
02F9
FDA5
04A5
0117
FECB
FD42
FA74
FA4E
0D0E
05A8
F7A4
F920
093C
FC2B
04A0
FE63
FBB0
00A7
013F
0D67
069A
0563
FA37
04F3
02CA
FA5B
050F
0448
FBCA
0C6E
F97D
F9B4
FFBD
09B3
FF3E
0369
0724
0D03
FAA3
FFDB
0731
F939
012E
0314
0106
FC41
FD36
F722
08EB
0148
06C8
0C5E
026E
F9D6
F585
FB57
0653
0645
FC00
02BF
FE66
01B5
FFD5
F5A3
0667
0512
FD5B
07D7
FD25
F64E
FF86
FC67
F923
FA30
FA21
FB78
0153
00B6
0026
02AE
FCCE
04E8
F8E2
0374
0A34
F8D8
09FB
FCEC
0201
08D4
FFCB
0B4D
05F7
01AA
FCC2
0A03
FA77
F80A
06FD
07B0
022F
0727
FE5F
FAC9
FF06
01B7
0206
FA98
F7BB
02A4
00B5
0715
0031
FD93
0B59
031A
0400
016D
FE9B
FCD3
0167
FF37
FA99
031F
0736
06E3
027D
06A7
FBC1
FDFD
FCD6
FE9D
F877
FE8B
0086
064C
FAE7
0853
FC54
FB64
0A85
044E
FD44
F8E9
07B8
05D9
0A08
07D2
F547
FC22
FF8F
FE5F
FFB3
FCC3
077C
FF80
0607
01B1
FDD9
02ED
FEF8
05FC
F772
0551
FE91
0517
FB7D
FEA6
F7FA
FC63
06B2
071B
011A
0882
0613
04D5
084E
05AD
06EC
063F
FC58
FC03
0126
FA53
0788
FBAA
042C
04DF
FB48
F762
FAC4
0565
FFF8
023B
F6A9
FF3C
094D
0757
FC5B
0470
FB46
0998
FB91
F9FB
F88B
FFBD
FEEF
F82A
04F4
01BD
01A9
FA9E
FAC7
04E4
FD97
F92C
082D
FFC3
05A1
081B
022A
05B5
042A
0674
FCA7
F703
FB2E
FDAA
F721
FF14
FDD3
FA6D
0759
FC3C
F985
09F1
00AB
0DDF
06EA
02FD
FC80
01D8
F9DA
061B
FFD2
F95B
0489
FEE9
FA3A
F9DB
0D94
0484
0452
0308
0C19
F8C2
02DE
07F4
042C
F8FF
01A5
0383
038C
F7F1
032F
FD13
F999
F35E
0C42
0312
02C3
0426
FA2F
FCD6
114F
FD91
096B
FBE7
0673
0416
F7CB
02F1
FB88
F9A5
EDCA
075B
FD4F
04AC
F58F
06ED
F9CA
0045
0726
0ADB
0872
FB65
078A
FCC7
F810
FB0D
FC4B
F9AE
0278
FB1A
00BB
FC29
06D7
0176
002C
F7CF
0854
F5FD
0931
0657
00EA
F9A7
FBCB
0334
FB99
F878
0719
FCE9
FC61
FE1E
FFAB
F90C
0256
FB37
04FA
FB87
0164
03A4
068B
0874
FB18
FC00
F76B
F94A
F7A3
0715
FC05
060A
0995
FB1E
FEAB
0221
FEB2
FEDB
0425
08BA
FE66
FA2A
F454
0357
FE53
F8A8
017D
FD85
FF40
FD82
0488
F5D2
0152
07A9
FA89
03CA
0AB7
FC88
F906
042E
FE3E
0027
F85D
FB37
FCE7
FF14
FEC8
0398
F73B
FF89
FB9A
FF2C
F6F4
F70B
0050
077A
0541
0620
FBC0
F86B
09CA
F24B
FFBE
045E
FE91
FC2D
044C
FB4C
01EB
0048
F358
FD2E
F8FF
046E
08CB
0405
F851
FFD5
FFB5
FCB5
0487
0400
00A0
027A
0481
0964
FDC8
FB0B
FDAB
06B8
FBEC
FF6D
FA34
FA5F
00F6
0119
041D
05B3
01FE
0204
0383
FAB8
00F9
F90E
07AB
F6E8
093E
05F0
FAF7
08B8
0836
039E
0225
FE66
08CD
0958
FF8A
FC68
03FF
0019
0046
009F
FFF3
FE6B
0180
0511
F77A
FEEC
FC61
08DB
FDE0
03C5
04A2
FE42
00B1
FBC6
F849
011B
FC55
0569
F8E9
FBB0
F88F
0709
0043
001A
08D6
FAB1
026C
FC7E
0553
F40A
000F
FD5E
030D
FB7E
FDF2
0ECD
0330
01ED
0718
FE93
FFAB
F941
0713
F639
FB9E
FEA1
0C49
FF29
021D
077B
01C7
0148
0370
F967
0144
FE3C
00C0
027B
FC3C
039A
FF8B
FCF2
034D
FB25
F534
FC46
0872
FD5C
03AC
FC70
0078
F2DC
0236
F3F2
0157
03D5
FA4A
F8D4
F179
01BA
FBBB
FFE7
FB75
FAA2
F5C1
F8AC
FFF0
0798
F555
027C
FA1D
0640
026F
042D
00CF
FF16
FEF7
F6D9
04F9
01DB
FEED
FE7C
FFF8
0827
081C
FB9F
FCB0
06F9
FFF3
04D6
FE84
0915
0401
06FE
F90B
088D
FCC8
03E8
0387
02E5
0267
FB35
0176
0574
FC99
F8AD
F895
0AE9
FEAA
FA40
F5DC
FFFC
FE31
FBEE
FE90
FF70
06F9
F914
0408
FAAA
02FD
0510
FD8C
FB2B
0BBF
0517
FB9F
FB3A
FB23
0590
03B5
FEBE
F8A0
FADA
FBD6
02AD
F2F1
F991
FC1F
FE43
08E2
0449
142E
00E3
05C0
0796
021C
039B
0465
F9C2
FDFD
FD58
0423
07BA
F70A
0534
0269
0677
0466
FCFD
06D3
FFDA
01A2
056E
04B6
FCF0
FB03
03CD
05B3
FBC4
FFFE
FD86
07B4
08DC
FABC
038B
FF27
FAC0
FFE8
04A6
FE7B
0711
F90E
FE8D
F3BD
0887
056A
09D3
0B17
0059
FB00
0645
0699
F9BE
0078
0173
F887
FB16
FA36
026B
0566
0288
FD9A
04DA
053A
FD29
04B9
0706
022E
0672
F81D
045D
0436
F526
F7C2
FF07
068C
FA92
0171
F9FD
FAD4
FC59
0476
FEA5
FB33
02BF
FABF
FD55
F9DC
000E
FF42
F7BC
FBD7
F893
F8F8
006D
F6F9
045F
0651
FEE9
0B97
034B
07E5
FD10
FEAD
FC6B
0909
FC48
02DA
FAD5
FB04
0090
0197
01D4
033F
0845
0616
037C
0826
F9F0
F34B
F687
03F3
0412
FA11
08F7
00AD
0115
0686
F6DC
06C9
03A9
FAEB
027F
FFA7
06B7
F64C
F76D
FBD2
F0CD
FE6B
FCBF
FE9B
FD54
F938
FE05
0436
F63B
F7DE
02EE
FAFF
0380
080A
0438
FBF2
FF95
039F
064B
FA10
0533
F1CB
006A
00EC
FABB
0027
06B9
FC80
0010
035A
F89A
06FB
FAA9
F771
FA5D
F9D3
FFDA
F8DF
F539
01A4
FA32
07B6
04C5
03DB
0636
186E
0BE3
06D1
025C
0580
01DA
0A78
0385
04E1
FC38
0787
FC28
083F
FCE1
0829
F988
F995
F708
FBF8
0A98
0689
05AB
06F1
0001
0243
0249
FC13
05F1
029D
0619
0621
0BAA
FF6F
FB13
FFF4
FB63
05A7
01F6
FEA0
0432
FBA4
FCCB
07CB
FBCB
020E
F85D
0414
06C9
004B
FE29
0959
FE78
06C3
006F
02EB
FF0E
008A
099A
F856
04A1
FA08
FC6B
07C7
F65E
FBC5
FCAE
FADB
02F8
0CC9
F6B4
FEFD
FC46
FEA3
025B
01F9
FE7F
0304
0973
062B
0750
F7F9
F88E
FC92
009E
FF8E
04E4
0027
F5C4
00EF
024E
FF34
01BE
0832
FAB5
0855
FCA9
05B2
FA3F
FACD
059D
0548
0932
019C
0033
F968
FEDB
FBF6
FC1D
FE61
0147
0687
F929
013C
F66E
FB89
00E9
FC4E
004C
087E
0363
FF0D
07DF
068E
02D7
0AFF
FC51
0028
FEA3
02AD
FA9A
005E
04E1
F805
037B
FBBD
FD16
05F7
07CD
0623
023D
010E
03F6
FF77
F84B
06A0
FB73
FFB2
F8CD
03D8
FCA4
F934
089A
FFA0
0772
0439
06E3
FFFF
07D6
0432
07CE
FF5F
041C
0975
FC12
036F
FF20
F6B6
05F5
00AC
0108
FB3F
0499
FD60
FBD4
FF8D
F4C5
F875
FB7E
051C
F869
F836
FBC7
04F5
F9EC
02C5
063D
054D
FCC9
0562
FCE5
FD73
FBAD
04BB
0340
083B
0505
044D
0056
031A
FBFC
04F9
0061
FD0B
038B
F8FF
01D7
FCE4
FA4E
03DE
FDA6
FA2F
FFBD
F50B
0824
00F5
0212
0642
F89B
0272
00D5
FFC0
0767
FA20
FECC
FE9D
0530
01B7
0425
0273
04E9
FE94
F92C
FB6D
FE87
FB52
02ED
0470
FF90
01DE
FCD0
0357
F958
FC6B
F9E6
F764
0727
0175
FB9A
FF6B
FB1B
0064
FCFB
F738
FAF9
FFC0
03E2
FC59
F982
FF54
040F
0650
0617
0062
065D
0147
0340
01FE
FC7B
FCE3
09AD
000F
FA23
F26F
05D6
01CC
078D
FFC4
0866
FEB7
FDB1
026B
FD53
FEE1
000F
058C
F65F
F837
079B
F8D4
FF5B
FFDF
F863
055D
FD64
FB3A
0438
FCC5
094F
FD2B
FBE6
01A1
FEC2
FA8B
F84A
FD7E
03D1
0128
FA80
FE44
070F
FD31
FD0A
FDC2
FC17
025C
FBCE
0891
0733
F9FF
FF22
F597
FCE8
FD73
FE3B
FF0D
04C2
0254
0A3C
027E
07D8
02A1
FCD5
FC6D
F779
05D6
0547
043E
F9C2
FC83
FFA6
029A
FD19
FBBA
058E
FD03
FA24
FF5F
0011
08FE
FEB5
0467
063A
0037
0C58
005C
FDD2
F8FD
FC45
04BD
FC9D
026A
0757
FD96
033A
0243
FEF0
0221
06EE
FA3C
FDA8
F7F5
0527
03F7
0115
F71F
0515
FC60
F8FD
0C54
F6C2
0149
03C8
02BA
0080
0003
0416
FD7F
0531
058C
F97B
06E3
FEF1
0384
F8C4
F874
01E1
0690
03F8
0821
FEE6
0141
FF55
FE51
01B2
F73F
FC0E
F999
05A0
F8ED
F6D1
020A
02B7
03DB
0214
02C9
0273
0787
0282
077E
FD68
052B
FE5A
00D4
F9CB
03FD
FACD
04D8
FDDE
0A78
07BE
1054
013D
FBCB
0431
F900
FE2A
FBD5
05CF
FCA3
FF01
0593
FD44
088D
00E7
F771
0413
01A8
FE29
06F3
FEF5
03B0
FD89
037D
FEB9
FA37
F97B
019D
06DF
FD63
0978
0466
0057
001D
0864
FDA8
04E7
01B6
027B
F9C7
F8FE
F864
FD95
FC25
FDD5
03B3
0AA9
0538
F9F4
007C
0706
F95F
03E6
007D
0720
01B2
01E9
0040
002D
0559
08B8
FEB5
0588
FF91
0205
09CE
F9E8
060C
F684
064C
0081
01FA
0487
FC4A
FDA9
0A68
FFF8
02D4
0040
04D2
06DB
FE94
F7A8
FED6
01AB
F8B1
01AF
0083
FBE3
FB69
00C2
046C
0B53
F831
FB52
0706
FA3E
007D
FED2
FADE
F993
FB76
FD0B
FB47
0549
05D5
FDA8
FFF1
031E
0363
F7A2
F7B2
F843
0345
F7E5
FFD9
FACD
FA20
F9D7
0618
F4DF
059E
FDF0
056F
FD47
08FD
FB71
FD23
FD49
0576
F796
F392
FF15
F7A1
FCC3
030B
03C1
FED0
FEE0
FF9C
01C9
F9D0
01EC
07EE
040C
FCF3
0851
072E
FB67
F800
F7B2
0223
028C
0147
0351
F6F3
FD8A
02EA
FB4C
FA5D
0A86
FF12
FC50
00AC
FF67
F8D1
FEAB
04A4
0CAC
00EB
F4CA
FC4A
0B5B
0146
0421
08E7
FBC7
F94D
FCDB
FFF7
FAB2
07F9
FDB5
06E8
F995
01CB
0371
0050
043F
FD0A
027A
06E5
0619
FB9F
F858
0511
FC21
0051
0630
05B7
00D6
07A9
02D0
F546
FB1C
FADF
FEF0
F843
F7BE
FCA4
F767
FCC6
022D
06D6
02C7
02AE
090A
0252
060C
0325
06F7
FE53
04C2
0294
FB83
0196
0C8C
0482
FC66
FCAA
00E4
0321
FE02
FB38
FE31
FA2A
FF70
FDB9
009B
F9AF
FEDB
FC16
FCE7
FA29
060B
0882
0191
020A
FF3A
071E
000C
0C4B
03DA
FA37
FB2A
1339
02C1
06EA
02D5
FF1A
0459
FEC2
06FD
F83D
F97F
FDEE
FC3F
F8E2
0132
0936
0081
FDF6
042C
0703
05E7
05BA
FA0A
02DF
FB66
0CE7
0CE2
011F
0CE4
048D
009A
FCAB
04AA
FBB1
0665
FDC7
04C4
02D0
17F2
FDBD
0934
01E8
FF4B
FDB2
00C4
0274
F61B
FF3A
0D5D
0275
03CD
FA02
0BC5
0189
F917
0999
FF00
FB77
03A7
0398
037D
0240
0583
FD6A
F9A0
05F7
FDAC
0312
FCBB
FDFA
F8A7
04D2
0808
0989
0377
FA5C
F1EB
0258
06AE
0394
047F
0991
F6FB
0E0F
F816
0BC9
F5AB
0514
FFE4
01B8
0279
0B04
0C86
FAA1
0E17
FABF
FE75
FF47
FBDE
FE72
FDD1
03EC
FC61
FBCD
0893
FC18
0438
FBE9
07F9
07CB
F979
FA5A
01B3
F8D3
FAC0
0239
0A05
017E
F9B8
F7A8
F9B1
F907
FCF4
06B9
03AC
F762
FBC9
FF5E
F889
0BE1
0230
01BD
FE08
090B
FEFF
006A
0178
07A4
0247
FA6D
FFFE
F63D
05A1
02F5
0515
0654
FE33
FC75
FE6D
FD47
FD78
01F0
FF27
FEE6
FA95
0776
054D
FCD9
029C
011A
01C6
FFCB
0828
FAC9
FD01
F9BA
04C4
10B2
04B4
0008
0356
F794
00A7
0542
FBD7
FB6B
05A5
06C7
F887
0234
F753
FB12
FFD3
03C2
0355
F4DC
F63A
089D
00B7
049B
050C
00C9
0257
FE3F
FCD0
FB78
0361
0645
FF65
FBDB
FE90
F494
0147
FEF1
FF71
F2D6
0187
0082
F849
0310
FBB6
FBAA
FE06
0034
0928
0931
0789
0068
FE54
031B
04A6
013F
051E
FFF0
FDB2
06A4
FB6E
FF4F
0485
FD50
000F
FAA1
00E9
0316
F9A1
FDED
00DA
0287
02EE
FCC1
001F
F9BA
FDEF
FF52
FEF2
FE9D
FB54
076A
FE2B
F9FF
FC0D
06F2
FC22
FF32
FD3C
F969
05FF
03E5
0950
06F5
02CE
04A2
04C5
FDB8
0630
0119
FA15
FFA7
07C2
FD73
036A
03E9
01D9
FEAE
0538
FF50
09D3
0509
F74C
055C
06C6
09B4
071F
FB39
FF3C
07A4
098D
0907
FE70
F828
07CF
F861
0A59
FFF3
05DC
FC8D
FAA7
FC79
F833
F332
FFE4
08DA
FD59
FFDF
FF13
FBE6
0202
07DB
06C4
F9EA
0955
09BA
06FB
0399
FD39
F9F8
0336
09FB
0494
003A
067F
071D
FE3D
01E4
031C
09F1
01BE
009B
055A
0649
008C
0CED
F68E
08EA
065D
FDCE
FAD1
FDA1
001F
FF19
046C
037D
0953
0714
025C
FD0A
FB37
FE72
F775
017C
009B
06EF
060F
0538
FCC8
05D5
FB15
FE8A
06B4
F92A
F7DD
0573
FC6C
FDB4
0368
F96D
F8B7
00B6
F6FD
FAE6
F99A
04DE
FB90
02E3
FCFA
0490
FA98
04F9
0A68
06AB
F6C6
FBA7
0833
03AF
FF73
09EF
06CB
0496
FB89
0203
05E4
F7CF
0913
F73E
0A18
017E
0011
FFB3
FC66
FCBF
0292
0F90
0161
083C
01A6
FED2
FE87
FA8B
FB99
0753
FFFF
FFFB
FC1B
FE02
FBA2
01EB
0167
FB28
04A0
FA44
FCB3
FC61
027D
0563
0A45
F918
0988
F9C0
032A
00E0
FD74
0207
FD66
043B
0522
FB57
07D1
0487
00A9
FCD6
FA0F
0192
0A47
0434
0886
FEED
029E
0808
0407
F5A3
FE60
F6D1
0958
FE5D
033B
FD18
02B8
0497
F5D5
0261
F467
04A2
06BD
FDD0
FB7D
0830
01ED
059C
01A3
F8D4
0AF0
FDE9
005D
F9C7
FB4B
FCEA
0165
03B3
FBE8
FA7D
F9D6
FB40
0572
0836
FFA1
FB5B
FB8F
036F
00E1
0267
FC0D
04EC
0647
0327
0336
FC35
0019
FAF4
FCC3
01AE
FFC4
FAC3
0289
0584
0507
FD42
0435
FA93
0023
0A29
0B6D
F82F
FCDD
FFB3
0326
0A56
FD28
067E
F87D
03B8
FF75
05CD
01DD
0739
FD6E
F9C1
FF97
F6F2
0096
F5E8
053A
0CF1
0130
024A
F4C7
FEDA
F902
FE63
0184
0170
FD58
04C5
FA44
0E26
0A77
065C
0450
018E
FEF1
F9CE
092A
F291
FAED
0198
0364
0317
0545
07B2
FB93
0199
FDC0
02D2
03B6
0402
0D27
FA44
FA11
09E5
F944
0513
03C5
FA46
0DB3
FA95
06E8
00C3
0213
04EB
FE4B
07FA
F988
F843
02F1
F6F0
FC68
FC9D
FCEF
0D4C
FD0E
053E
FDD6
F36F
FD8C
080B
001F
0E05
FF14
03A6
0961
FFBB
F90C
0A93
0240
FA1B
FD64
03B4
FD99
05D7
04EC
0627
F24D
F75B
F257
002D
070D
0348
0A77
002A
F794
008C
FFEB
F923
0ACD
FD71
FD00
F7D4
0674
FCB1
F68A
02FF
FC18
0443
046C
0546
099D
013C
F804
06CC
0163
01CC
FA2D
0487
0388
0336
F7E7
F97D
0380
FF8A
03F1
F86F
00CC
FFFB
FC44
F744
01FB
FEBB
02A9
037A
FEC8
033A
03CA
0B1A
0627
F81B
04EE
0C4C
FA7C
007E
00C9
0522
02EA
005E
FF37
FB45
01B5
F7E8
019F
029F
0A17
04FA
0D18
0499
F99E
04D8
F6B3
04C5
036D
042E
055E
04C5
F337
FF23
0218
074A
FCDA
FCD0
FAAA
0090
FB66
FC99
0136
F930
0538
FA1A
09D0
059D
FD1E
FC01
FFDC
04EB
058B
068C
F725
01E8
0643
0355
0C4A
F5FC
006A
036E
F858
FFA8
0614
0043
FD96
05C9
0726
056F
FF0F
FFA8
FBF5
FB4C
F7F5
03E0
F6F4
FAE4
FBFC
FF69
FD4D
0379
0A8D
043C
FCE2
F6C9
061E
02BE
FD8F
F7CD
01B4
074A
00B9
0395
05E7
F96E
072A
FB23
F818
FB09
0385
F74B
FC72
05B4
FC07
FF24
F927
0391
0A19
FA03
F5BC
0551
0DAD
04EC
080D
0491
FD10
FBBA
023F
FFE2
0185
0A77
0491
0587
F8BF
0217
FA67
0838
FA0B
0258
0A4C
FB9C
0483
0209
FE8A
06E3
0845
0757
F809
03D5
081D
04D5
F22E
08B9
F802
FE45
0791
FC84
0442
06E1
0593
046B
FA76
05FE
0512
0625
003D
06D7
034E
002C
FACE
06F6
058F
F76A
FC9D
03C1
0535
003B
F81A
01F1
0283
0266
F7F4
01C8
FBF6
0131
FAF5
0173
03D4
0114
F944
F9BE
F666
FDD0
00B4
0A2B
F479
062F
01E5
05C5
0121
0460
05A3
FD55
F778
0E20
FE75
0755
F972
0BC1
03DF
0B4B
F8BF
00B3
FE9E
0100
0043
FCB9
FB87
0343
F83F
F4EB
065B
032E
FC83
FE99
FE74
018E
FF70
FB70
FB8E
FAAB
FF84
F9AB
FB2D
0462
02F0
06AF
FEBB
0761
FF64
099B
046E
001D
FF52
0190
FFA4
FDF2
F8D7
0A64
06EB
FA39
057B
011C
0B83
FE45
03EA
F468
0A1C
FC35
FF8D
EF18
047C
FC7F
014F
0677
0783
0342
00B7
F9E3
0243
0070
02A1
0211
FF83
0786
0551
F872
FC55
F491
FFC7
07E8
FDF4
FFD8
FD5A
0367
FD47
0942
04AE
FD80
024A
F8F7
05E5
FDA1
FB50
06A4
09A3
01A8
FE03
003D
F881
FDF1
F360
06AE
FA48
098D
0CE1
0473
F4C6
04B9
066B
0566
F14A
036F
05CC
03D3
02D2
03E4
0580
FD4D
F8FC
FFBF
FFEB
0512
F890
0AA1
06B9
F594
038D
FAA9
FE44
04D5
FB69
F986
FFD2
0364
0321
FB4A
055A
FB6C
0463
FAD6
017D
0149
0617
000B
043B
06E7
F562
F7D9
FB79
FCF9
FCD7
0749
03DA
FDD7
0336
FC76
0292
F8C0
032C
0B3C
08A8
F887
FA12
FE80
00FD
F99D
0182
076F
FE3B
0350
0784
F6F9
F6BB
06BD
011E
F394
ED3B
010B
FE1D
02E4
FCFE
006C
059A
0744
04EE
F997
0153
F43C
F795
FA4F
FF59
FC59
0857
FBDA
F919
0433
034D
0A2D
FF53
00AE
F824
F8EB
0542
00D7
FAAC
FEDA
02C4
F85E
FD4B
07C3
0160
086F
0467
FED6
FB1F
F789
FE84
0587
FBBA
F2B1
032F
F6C1
F38A
0002
06ED
04EE
FF55
FDD0
03A9
0062
0A10
FAEC
F42B
068F
F6F7
F76E
FFE7
0757
0578
FFE2
080C
F2AC
F5B7
FBE2
F559
05E9
029F
FFED
FF80
F1DA
0569
FCAC
0288
01C6
F9E1
FA6D
0A62
FBDC
00F1
F10F
0282
FCD9
04BD
FE0D
FA99
F8FA
FADD
FAB8
F8A4
FD6B
FA9A
FD6C
0152
062E
01FF
0D3B
FD66
FC82
F7E7
FB8A
FE61
F814
0AAA
FAFC
0747
FFCB
010D
06D8
0B9C
F88D
078E
05B5
01EF
09BC
04FE
0221
FE00
036E
06C1
07C4
021A
FE48
0015
03DB
047B
FB27
FFEE
0341
FF73
0385
FE9E
08B2
FD42
0660
083B
070C
0641
05F3
FEA4
FFAA
FBC2
FF08
0295
FD18
FD42
00EB
05ED
F322
FC0B
F60D
FE24
0399
0A97
12AF
010F
07E2
F98C
070B
0144
07FA
F724
FBBE
FF75
02F7
06E9
0103
00CD
0293
06B1
FE8E
F837
04A9
F9B7
FB8A
F741
0233
086E
FB96
00C9
FC3A
085A
074E
03A0
01CB
00AA
06F3
089F
FD14
FF67
01D7
0477
F9C3
FFA1
0421
F86C
039E
01B0
FB5C
FD6F
0063
08C4
066F
F5AF
0A87
FF44
086F
FE56
FED0
FC01
0174
F9EF
0406
F676
F5BB
0886
FDC2
F8C2
05EA
FEAC
052E
F9D3
0006
0A00
0546
0102
0135
06DD
F735
FFDF
09DD
FE71
00CE
0436
04DE
F769
0031
0142
00A0
FF2C
FE0F
0040
FDCF
FE07
01CA
FA53
04A9
0202
0616
0791
06B0
02FD
0352
070F
F6D2
06D4
0555
F7EA
FA6C
F7DB
0894
00C0
0483
0276
068C
FCCD
016A
FD0E
00B0
F678
FEE2
07D9
0323
005C
0251
0187
000A
07BC
F7E7
07D0
04CA
F968
0910
FFB4
082F
FF2A
075D
0626
FC31
0358
033F
015E
FAEE
F633
FB22
03AF
FF3C
0674
FDC8
0654
00E2
0030
FDEC
0499
F881
FB63
028A
FADF
FA02
034D
FBA3
0465
052B
FF50
01D1
FAA5
FF9D
FE9C
0281
05EB
FFAF
FBF2
F7D5
F8D2
03D1
0517
0821
F486
0020
FD77
FEE4
F55A
0123
0AD3
FEA3
F696
0C71
039F
051F
FE05
FEFC
FBD5
0A06
0799
F9FF
0169
06D1
F816
0279
FBB4
FD89
F8F7
0272
05D6
FBD8
FEC3
F989
FE8E
02AD
0314
F873
FD3F
061E
FAB7
0021
0426
FB6A
0629
08AA
FD7E
F869
F6D3
057E
F955
FBF5
01C2
F972
FCF0
0333
01F2
0541
0851
FA3A
0328
FF61
031A
F6BB
0391
FD0A
0013
FB32
FE73
0282
FEE6
FA96
026E
007F
01C0
013A
0474
06C0
FFFF
02B9
F706
096A
F736
FC94
F755
F8D7
02EA
FEBB
04EB
FBB2
0CD4
FDB9
FF51
0788
019E
0712
FEAC
FD4B
FEB2
F519
F48A
0554
0199
FE4B
FAC3
03D7
F680
FE21
F5E2
042E
F920
F925
04BD
FAF2
FBF8
0381
FF80
FF8C
FBD4
FD92
0348
FE0A
086A
FA95
FDF5
01CF
06CE
FC4A
FC8A
00D9
FD96
0063
0265
F791
FAF0
FB6F
FC36
F589
F779
0256
0772
FCDF
04D7
FA2E
0315
083E
FB88
F994
0187
0512
0055
FED6
0150
FE70
08B8
FB7E
FCC7
FFE2
F54F
022E
FCBD
01DB
FE48
F99B
FE23
0680
0379
075E
09BA
01B0
FBA6
FBA6
F93E
040F
093E
044F
02A4
F913
FCA2
0733
0627
0B08
0302
FEF7
0534
FE10
04F9
0154
FAA3
F577
040F
05F4
FD44
F986
05D9
0570
038E
0453
0424
F8C3
0359
0791
05AF
0880
054E
F2FB
FB78
FBFC
FC84
FD91
0437
F9E0
0741
FF9D
056F
0246
FB58
0495
FD46
00C5
FE52
0780
013D
0AED
FD90
FC09
FA66
FB07
FAEF
08FC
FE47
FC3C
FCA5
FEFB
000A
0470
0526
FBFC
F76D
0328
FA10
FF60
F831
0755
0878
FB5D
FA23
014C
FFB6
F9F8
F954
06D2
00DA
0509
067C
0642
FA23
01F6
0494
F877
FC69
FF32
020F
FBD4
FA3F
071B
0604
F8E4
FE2C
F877
FA5A
05E9
FB9D
0409
00B7
0341
F360
01F2
F4D6
F9D9
FDF5
FEC8
04D2
FC85
FE3B
F5AA
F700
0727
0168
070D
06ED
072A
FCB8
000A
06A9
0731
FF29
FF3E
046A
0219
F703
FC86
01A7
019E
FCCA
0303
0884
FD84
0391
073E
FE30
000B
F9F7
0816
0371
FC79
FD97
FFEA
0195
0236
F9CD
FFBA
FFAB
02C5
03D8
FF1F
FDEE
F999
FE55
FA45
F842
01AF
F60F
04EE
F834
FF1D
0836
0524
F56E
0856
FAC1
FC62
F8ED
0712
0242
02FE
FB18
0309
0026
018C
024F
0177
064E
FDF9
0B67
012B
FCF3
0046
F403
02BA
0176
FB44
03F7
FC80
03C3
056F
0456
084D
F94A
FD86
03B0
0694
0511
FD13
FC70
0948
070E
066E
08FF
0585
073F
0215
07EF
0570
0645
F54A
02A8
FEF6
FA0C
06AB
FD2E
041F
FB85
0345
F66A
FB8D
0738
03B6
FB80
031A
FF84
0267
FAB5
F874
F4CE
00CC
FA7D
0105
020B
F9F7
0102
FEF2
FD95
0637
FCCF
034E
0577
FD82
070A
02B8
0143
FA1A
00A0
064F
FEE8
01EB
FB65
FD2A
0186
F8B3
FBE8
FAD8
0227
001D
043A
00EE
FF13
0620
0237
FB35
079D
0303
02CD
FD2F
051C
038E
F977
09CF
FD88
0A5A
FA51
FBC8
FB86
FF28
03CF
F62D
0791
FC81
020A
1368
0984
0342
F5C8
002D
0D52
F568
0C32
09E9
FC5F
F7E3
0642
078D
07F5
F923
07D0
FB63
FE45
FB64
FFE8
047D
F688
05F9
0979
0A73
024C
F6A2
033B
F8A7
03F8
FBA5
06B1
0A90
032D
06B6
031D
03A3
F8E6
02B4
0487
F8E4
003B
FDA7
0BE9
FF00
0514
FA0C
0234
FC43
0B14
FF28
010A
FB31
F99D
0084
06E8
FE3A
0366
0058
03CD
067A
06D3
09E7
FCA1
0B9C
01DC
FEC5
026A
08F2
F723
0168
FB5F
042F
01C5
FA35
FA1B
FD42
00EB
05EF
FBA7
00FA
038F
0CE6
FAF7
FF97
0020
0625
FE47
0C32
00EE
049B
04DF
06A1
0334
00BE
F987
FA76
06AE
00B2
0458
0560
FC65
02B9
F74F
05DB
F96B
09C9
FD10
04EB
F7DD
FDE5
053C
FB22
F776
0B4D
FF1C
FA1B
F996
FA8F
F91D
0776
FB26
0443
F9CF
042A
00B2
05E8
FECB
FBF6
00F8
0569
FC37
008F
076A
05BC
017F
FD53
0585
FE07
01C2
0263
F942
FDB5
FCE1
FA13
FE74
03F6
0A4E
FD8C
FE8D
F805
FAF0
02D0
FD85
F901
002B
07DC
06EC
09D2
FE3F
0862
0698
0492
FD1A
F8E0
FB18
0645
0523
0138
058B
FFAB
0077
FAA1
FF8D
03A5
F8AB
04B3
FBCD
09D3
F83D
F8AA
0485
0207
03F2
FCBB
07CD
FC48
F951
0460
FD5C
05DC
0240
FECE
0158
F8E8
0251
FA86
073C
F821
07E7
FE6C
F78C
FD9F
0275
FC3C
FB52
0420
FBBF
05CB
030D
0C92
FF3E
FBF4
FEE4
FE30
FD0F
FC7A
04AA
FE7D
03F3
0436
02FB
039F
0133
FF5F
FD2A
FEFB
FEC4
03B1
0498
0483
06EE
01C9
FD9A
FC61
001C
0631
0764
FF1E
07C5
FAF3
FB1E
080D
FCAF
06A7
0274
FC23
FB2A
FF95
016B
053D
FE0F
001B
039B
FD96
F8D4
EE5E
FA79
FDCC
F8FA
FBC4
0040
FA7F
FB2F
FDFD
F913
FED1
00AA
F9D7
042E
F9E4
F77E
FB31
0539
FFE5
F500
FB17
0631
F5D7
00EE
0011
FC7C
0BF1
F6CB
FF2C
FA8A
FDDF
078F
0246
0370
FBF0
061E
FC4F
033D
04AC
FB53
03F7
0331
FDF0
06B1
0487
0005
F7B9
FD77
006C
01AC
FEA2
05A2
FC1B
049E
0600
0527
0185
00D0
F557
0172
05B6
FED2
FDCC
FCDE
0199
0061
F696
FF62
F980
05E9
FECB
0700
009C
F690
0410
FB3C
F972
0181
F884
010A
FB5C
FC62
F7A2
FE5E
000B
FC94
F8F9
03BF
06DA
F0AA
FB7E
00B0
0158
0419
FE86
05DC
FBCB
01C3
0339
F960
0689
0263
F4EE
FE2E
F5D3
05E6
F1FC
0012
FDD1
03FB
FC19
FC38
FC24
009D
FA42
FAD0
FDC3
F506
F6A0
045B
FEE1
07E7
0501
FEB7
F72F
FEC6
0578
FE89
FAA4
F884
FC76
0623
0157
FF86
006F
0210
03C5
0210
068D
FBB3
0247
FEF8
001C
0733
01CC
0448
F89C
0073
F7B9
FBF6
F713
06BD
EDFF
FC0B
03A0
0C64
F579
FBBB
F9FB
068C
049C
F9A7
0977
F574
04DC
0683
090A
02B1
FA7C
09A6
0272
FA69
FF28
041C
0824
FFFF
0568
FF69
00C0
FFF5
FC22
FBA4
FBC3
015C
F531
0383
0B10
0B1D
015D
05A6
FFF5
0292
F9EA
06BE
08DE
FADE
0418
026C
FCF2
0317
F836
08EC
0884
FF80
008A
0677
02DD
F93A
FB34
064B
FE73
FC1A
FBCC
0542
FB05
0488
F98D
04D1
FE00
071F
F9B5
FBAD
0764
F9FC
0467
F9F3
FF01
FA7A
048A
0700
FE60
FBB7
FF23
F98F
027A
08E1
06E6
FE03
F987
FAB5
FC52
05E2
064D
FA1B
FC4E
FBF5
F896
FAAC
08CC
0252
0100
056A
FF4A
FE19
00BE
FEB9
0A01
FF27
002F
0813
F80A
FC1A
014E
03DC
F98F
F8DB
0904
005A
0704
FC19
0965
FED6
0C5D
F99A
034D
FAAE
038D
018C
073D
042C
0E5E
FA50
FA76
03BF
06C6
007C
0AB6
FFA8
06BF
01CF
F908
F59B
F8E8
039B
FF61
FF24
0037
0A5F
034B
F979
FE9A
FBE1
FE2E
061A
061B
098E
F2E4
0420
FACB
0664
0325
FDE3
FCDA
0188
FBF5
FC2A
FC07
02C8
0CA4
069C
FEC0
0394
0B98
FB44
F851
09BE
04B3
FECE
FB1C
0C04
048B
084A
04F9
F9E0
0296
028E
0868
090D
01B6
FDD2
0778
0056
F939
0383
F976
0530
FCA7
FB8A
0115
076C
023D
0992
046D
0134
07B0
F880
0910
0216
F848
F612
045A
0AB6
FE51
0920
F3E8
010D
07AA
F9D0
0319
FFD1
0282
F7F7
0305
0A5A
F77C
0403
FCB1
0373
00A9
00CB
013A
F918
F606
FE01
F978
FAEB
FBE0
06A3
FD33
0E82
0D6D
F93B
035E
FCA2
0722
071A
FE46
FBE2
023A
06EB
FFBC
051F
06C5
0268
FB40
08A7
FFD2
03BC
0301
0601
F977
06E0
F89D
FEB5
F5CD
0036
090B
F5F5
0399
FB9C
09A6
FCE1
F786
FCDD
FC10
F828
F881
FAF5
018A
FDC7
0320
F839
0572
0426
FE55
050D
FD05
FE26
0829
FBE1
04C6
F8EF
F0A7
00B3
017F
F89B
0B06
05E7
004B
0062
007A
02F2
0A3E
FF16
FD43
000A
F963
FAF2
FB40
FF80
0160
0393
FBCA
08A5
F959
06B9
01F9
F543
0157
02A0
03AC
074E
00C0
FCDB
0266
02FD
0643
F7D7
04E0
07A6
07CB
FA56
FD6B
FB35
0446
0124
03CC
0374
FFCA
F998
014E
07A8
036C
F877
0DA5
054F
FC82
0A1D
01A9
F90B
F726
08C4
F885
FA54
0B75
028B
07CC
F8B8
0BB4
014E
FCDD
FFEB
027D
00AF
F324
0405
F8E1
07D0
0460
00BA
0171
FD59
FE72
0738
FD70
FAFD
0967
03B1
FE17
0608
0028
F842
FF13
0B1E
05F0
FE8D
F727
FA59
0748
0208
0237
0379
0691
0227
07B9
FE4E
FF3A
0181
04AB
F990
02AC
F9C9
026B
0475
0BC5
09B7
F8FE
069F
FBFB
FAD8
0CEC
FAD1
FAE1
0136
002C
FAC0
072A
F9FD
FED1
F31D
F98E
F9F8
FE5E
FDA4
05AF
07EB
01E3
FC30
063C
FB52
020D
094A
0670
FC7E
FB09
FD5B
01D1
0494
FAC4
FAB0
FB18
FD09
FDE4
F9EB
FFBA
FB60
FB0E
04E1
0811
057B
F746
F7B0
F214
F9BD
FAEC
07A7
020B
02D6
F8FB
FD58
FAEA
0342
F496
0697
F98A
0C94
04D7
F0FF
FCAD
FB2F
FC75
FE13
00E9
06A2
021F
0588
002B
FA93
01C4
FFD5
F6B4
FC23
F558
0563
FBF2
0742
F726
F92F
0177
0874
0762
08EC
061A
0586
0B1C
F853
10F5
F72B
07A1
F89F
027B
0238
F784
069D
F9F9
0311
0656
FD43
FD40
FDE3
09B8
FB69
FF61
F748
FC28
07FE
F8BD
020E
FF64
F9D7
FB06
FEC2
FECB
FE0F
F7AD
069C
0513
02A0
0286
FF7E
F953
FC2E
F9F3
F980
0590
FF5B
00F4
0036
0029
F9A8
037B
FAD5
FA23
FD10
FCAA
0419
0188
FA29
0220
F988
02E1
FDFC
0728
FEDE
00D8
FB0E
F962
021A
F993
FB1E
0318
061F
F85C
06BE
FB26
0476
0248
050A
001A
04CA
0266
FFF5
FB80
FE77
FC22
0598
0234
031D
FCFF
FEC7
FD74
FA69
FBAE
05D0
FA3C
FEF9
0373
F7BE
FA23
FA87
04C1
FCCC
02FF
FD59
0285
FB14
FBD6
F7DD
0460
FADD
0062
F754
FC8A
F869
051C
0119
018E
F65E
FE55
FA31
047D
008F
F8FC
02C0
F8D1
FE63
FA07
FFFC
F88D
F512
FA46
FCE2
0658
0119
040E
F061
FCBC
F929
01F1
FE79
FBCF
035A
043D
02F5
01B4
F80F
FF27
01E3
01EA
00FF
0374
F9A2
043A
045A
0308
00E4
031E
0171
FA4E
FCDD
073D
045D
F74D
F636
0131
FEA7
008F
F86C
0420
025E
FC75
F837
F8B1
0185
01E6
FDF2
F64E
FE04
05DC
0755
0406
028E
F902
FFF0
F871
FB4C
FD64
0705
065C
FA99
F8C4
0638
FFD2
03C8
008C
0086
F8A6
041C
042D
FB50
0472
FA02
F790
0624
0444
F9C2
04B4
043B
F88A
0260
0605
04CA
F7FA
F7A1
04D4
FE06
FA3B
01D3
FD35
F947
03D1
F8E3
F75C
FD20
FA5D
025C
0503
0001
F92E
04F4
F7FB
F750
06B1
F936
0050
0255
FADA
FE14
0251
04C7
0512
073A
FDDD
FE76
011F
F750
FF0B
0491
FF37
FBFA
0754
FE04
FF80
FB87
FBA1
FFAE
0121
0568
FB4E
0483
FA7E
F53F
F9FD
021D
0644
FC67
FE31
0120
03ED
FE34
FF1E
F97C
FBB2
FC71
F980
FCAE
FB37
F981
FB7B
F2B9
FBD8
F66C
03B4
F8F0
F975
FEDB
0618
F585
F438
F8FD
FCC7
0495
FFD9
FACD
059C
FC03
F995
F957
0758
0414
F889
0397
0231
0725
F7EC
04C4
FCD3
0694
F85B
F85D
059B
FCF3
0741
FD43
F69D
0103
076B
FA92
03CA
049D
018D
FE28
FA74
FA60
0666
0E2A
F82D
0811
FCF7
FE22
09F3
0882
FFF4
0133
004A
FE48
FAD6
FB5B
FD13
FBB1
0765
FA45
FDE9
01D6
FF20
FC32
03DF
0111
0398
F727
FEB3
FEBE
022B
F8B9
04BF
FF3B
0590
050B
FDBA
03B1
F9BF
08F9
FF72
040A
FD3D
03FD
FF43
0F80
10F6
FA26
FB41
0073
0692
04C4
0863
FA25
03C7
FFBC
FE2B
0450
0846
0001
FD5A
07DE
F48D
022E
FDBD
FA2C
04F1
0763
00B1
0191
FC64
0759
0214
03B0
0480
FB60
F7DD
05F6
F446
0866
0519
09BC
030D
000F
F839
F8E3
F93C
FD4A
0653
FFB2
050D
0AC3
FD22
F823
048F
04B4
FB63
02E1
0C6A
0828
0912
07B6
0213
04BD
009D
0961
FF7A
0704
FECC
FE8E
FEDA
F686
FEAC
FCF5
FF83
01AF
F6BF
F9BC
0975
F896
0856
029B
FBFC
F87F
082D
F610
FAEC
FD3E
F48B
F905
00C1
0232
FA7D
FB63
061B
04E9
0702
0468
03A4
0190
08D8
F667
F97C
F826
0388
FED1
0482
06E4
0804
F891
FFEB
FD46
0022
FB2F
0829
F359
0718
084D
0046
FE9B
07E9
FCB1
FFF4
F9CB
FDD6
0241
02B0
FC1A
F6EA
0499
F581
FF13
FAC8
08DD
0252
FAAD
FDD8
00B8
FF89
02EA
FA96
07B3
06E5
FBE3
055C
FAED
0ADC
FFAF
0232
0159
018E
0120
FA58
065A
FF45
06D4
0648
03B7
0754
023C
006B
0518
0757
FEFD
F8FB
FF53
FDA8
FAA4
033C
099F
0910
04DE
F9A5
FD0A
F045
F5DB
0397
0665
F843
F78F
F8CF
04D0
F787
F78B
06E9
FC11
0668
F9A0
FE37
00B8
FF61
06D9
FCA9
07BD
0335
05D3
011C
FCC2
FCCF
FECE
00F4
093B
0108
03A3
F232
03F8
FA82
FA35
0A33
02B4
FBD4
02CB
0323
081B
FE3A
FA3A
FC96
0323
FF7E
08C2
0428
0705
041F
FCDD
0290
082C
FD9C
FE05
F763
FC39
0224
0A3F
FB67
F44A
00B0
FD90
FA40
014E
08D1
0846
F8A3
03B4
FBB4
FABC
02B6
0876
098E
FA66
03B7
09D9
0841
0600
0703
05F1
FBFF
013D
FC71
0504
07E9
08A3
F81D
077B
02ED
FB8E
FC46
FC11
FF96
FE80
FE59
0033
FEC7
FA9F
005F
03D0
006E
0CB2
00BC
FBE2
05A6
08F7
0163
F67B
08EC
FBC6
04D0
F967
F7DC
042D
0870
0142
04D5
FE2B
F354
00E9
01AE
F59C
F75B
EE2A
FFDD
F798
000F
FEC5
FB34
056C
0A5A
FFA6
06DB
FB21
00DA
FCCF
FBFF
0320
05B4
009E
008A
FD01
FF2D
FF79
FAE7
02C7
F734
0AC7
048B
07F4
0645
0044
FA56
0361
09FF
0143
03D4
FA20
F75D
04D7
0484
0021
FEBB
0158
0080
FAA8
09BC
062A
0644
FE62
0A7D
058B
038B
04DC
0556
FB42
0147
06CC
06F1
034A
0816
068E
0AB3
F869
FF45
FF40
FB89
0486
FE25
060A
0674
0854
FD54
0330
F902
010B
059C
FF03
0993
00B5
FE01
020F
FC5B
FECB
01DC
FF9E
06F4
FE70
FF4B
02B5
FE1A
FB24
F873
0448
FF08
02B9
0634
FC6D
017B
F6E2
F744
FCB9
F534
07D8
F998
FDE1
FCD2
FC6C
04D6
F992
0A69
03D2
0445
FA3C
FDF3
01CB
F9EC
0011
0551
FBBC
FF53
070F
08D6
0328
FCD7
00FE
0152
FFB8
F7E9
02B3
FF52
0190
F641
F6D9
0148
08F3
F368
F706
F94A
01CE
F7FD
0188
FDAE
FEC4
FC6A
FC06
0582
FA4F
F981
FC2D
0679
04AE
0452
07A0
0101
00C0
0468
00AC
0802
FE14
0286
FF5F
FD29
025B
F68F
00A7
F5EA
FBFA
F78E
F78C
0FFA
0592
04C3
00FA
0932
0AEF
0D05
0687
FAA1
0010
F9EE
0C67
009F
0698
0006
FD94
FFAD
0377
006B
FE12
FA49
06F7
F6BD
07AE
07E8
F501
FB9E
0000
01C8
F5F8
FC42
0802
FB98
FF70
FFB8
F8C8
01E7
F70F
0363
FF9D
05E8
F9AC
0566
080C
FFA7
F559
05FE
FDF9
F572
FBB9
FCAA
F928
FBC6
0385
FE58
F9F1
FEF7
01DD
0033
F8CC
F602
06CC
035F
FD2B
08A9
054D
03B3
F774
0A45
FDE5
EDA6
017F
072F
03A1
F84A
F6E4
F6DF
FC35
0469
FD22
08E1
FEE7
059D
0BA9
F994
05D9
019D
FD1E
04CE
EC6B
0001
0631
051B
FA35
FB09
F653
0BB6
FFF3
00C3
0445
F8D8
092D
07C1
F232
0454
03D1
FAC7
04CE
FD9F
FEE6
0540
0600
F989
0283
0343
FC17
0568
0871
03FE
0720
04E9
FBAF
0924
087A
07E9
02F7
00DF
04ED
FA7A
0777
F801
FBC4
0A73
00F2
0502
04CD
FD42
04D1
F7A2
FDE6
F744
065E
0356
0401
F8CE
F600
FFAD
018A
FCFF
00F7
07C2
FB6F
0897
0625
0087
0B88
01BA
087E
F7AE
0451
0325
02C1
0129
0362
077A
0927
0097
FF28
FDF3
FD20
FC9F
FE63
049D
F9D2
0399
101C
00F1
FDC5
03D3
067B
F862
06F5
0750
0132
020D
FD83
FE65
FED5
0365
0156
FB93
054B
0C2D
01C2
091A
FBB7
052C
FD1D
FAA0
0509
F77B
FFAE
0457
F7A2
FE3F
0265
04BF
FF1E
FB19
093D
02B5
F89C
F768
0404
F939
FD2C
F919
0184
02C2
0125
FF6E
0BC5
09CB
071F
F86A
09A3
FEC0
FE0D
FBE9
FF00
F58B
0866
0187
FA96
05ED
FC1D
FAF6
FB0E
0842
0315
FE23
025F
F707
03BD
02AC
03B1
03BE
01D5
05DF
FDB4
FB62
FFD8
04A9
021F
FCB0
0563
FFD0
F849
02F1
069B
0512
F9F7
FDB8
0259
02B5
029F
00A4
0799
07BB
FBDC
FF0F
00CC
093D
FF5E
FDBF
FB6A
0690
F9AA
0323
0049
FDE3
FCC0
FDAD
F9D3
FE37
02B7
F8A0
FB86
0825
020C
0027
FA51
0480
0582
0345
06B4
FB63
FB9F
03C9
FA6F
03F6
0492
066F
0575
FBB8
FD59
0321
FAE2
05A2
FAE2
0237
06A4
067B
F948
0891
0952
0214
FE2A
FB1A
F9F8
FAA1
FCB0
02B0
FF39
F705
0656
0938
FD8A
0642
FBE5
062B
0484
0EC5
0DF4
FAEF
F831
064F
FEF2
FA29
0441
0223
0477
FB73
F9DD
FD85
0E29
F918
F958
FD4A
075A
0E4E
0115
0439
F64B
075F
00E5
FC12
FE79
FD8B
0E43
02EE
05E3
03CD
01BD
063C
F698
05E9
0983
FB6E
FB0A
FF3A
FED2
0357
FC3C
FEE2
F732
047D
0240
0532
FE7F
FC3F
02FA
06AA
06FB
02CC
F9BE
FF9D
082C
06AD
FD36
08F6
08DA
02A4
FC65
FFA0
0259
FF96
FB04
01DF
00B8
0901
03BC
024D
FA6D
FAF5
F954
03DD
0262
030E
FBB1
01D0
02E6
FD77
FE58
FDB6
0B36
FEBA
FBC3
0171
0307
FA98
0377
0440
0744
06AE
072F
F8E3
FE4E
FA6B
FB5F
F90F
FD56
0667
056D
0084
FDC3
06B1
036E
FCDA
FA5F
01D6
06F6
08DC
00B9
0EFB
011F
FA6F
FE93
0156
0645
FB3A
0739
09C5
00A4
00A7
02FD
034B
FA18
F91F
04CC
F0F1
04BE
01D9
0475
FD28
FB6C
0377
FE45
0769
0A80
FCFE
0471
0351
05E8
0958
062A
0726
F942
FA80
FA00
008F
FBCE
F6AA
FA82
FEB6
FBFA
F79F
027E
061A
FDFE
03C6
F775
FE7F
0733
059D
066E
07BE
FD28
0341
03A2
FEE7
0150
FC44
03AD
00EF
FEB4
FA12
035F
F79B
FE8F
0152
FA48
FDA2
FC10
FCF6
05D8
0558
F9E9
007E
FDA4
0081
F8B8
03DE
02F3
0318
01DD
0997
FED0
018C
0A0F
FFA1
0310
FF70
0709
FE23
FEF9
01C3
FF50
FF38
0013
08FF
0452
0879
00C3
0361
0227
FA26
FE60
F915
0A4A
0B3A
FB7D
FB84
05DC
FCF6
FD66
FD66
0749
FB0C
FD23
FBC5
05DB
FAFF
01D3
F435
0AEA
FFAF
FA3B
0092
0394
057B
FA61
FDC3
056A
F7D4
FB96
F9EC
075C
0441
05EB
F94B
FC91
08D7
FDCF
F7DE
FBC5
07D3
0C39
053E
0A12
08D5
08DE
FE86
FE4A
06F8
FACD
F731
0A9C
FFFB
FF53
F9D2
FC49
0374
FC7A
FC37
FCB4
00CE
0336
01C2
02E5
FFE7
F77C
040C
FA40
04F4
FA54
04C0
FD94
04BC
03DE
05D4
FD22
FFF6
F982
F96F
FC49
FFF3
FA9D
001A
0436
FBB7
FCDD
093A
FBD8
00E4
FA53
02B1
0688
FCFE
0342
00C2
0351
FA5B
0497
0944
0249
03A8
078C
FA99
FA06
0466
0123
F80B
FE98
0A68
004A
029A
F7ED
0859
F9C8
06F8
FB31
FC2F
FF5A
03A6
FA41
01DE
0BC5
01A8
0640
0276
0401
04FB
0194
053A
04AA
FFCE
FA97
05B7
F655
060A
05AE
FCBD
079D
0334
048B
091E
025C
F985
F636
F95C
0502
FD6C
0633
0043
048F
FE22
FCFE
FF42
F8C6
F62A
FFBC
0197
0793
0250
08A8
0798
F90B
FE42
FF9A
08B0
FF74
FA75
008F
089B
0A3F
F99E
038F
0756
089E
068D
0187
120F
FDBE
07BF
F574
FB0A
0858
03FA
FB03
FA16
0030
05A8
F630
FE5A
F683
FF45
FF3C
F836
04EA
07FA
F660
F59A
F87D
F9F0
FFF1
0062
0613
0A6D
056E
FDD0
FF48
0752
FD98
FD04
01B7
0593
FA7F
08E5
FBC3
FA2D
0483
068E
FE35
06F1
04C1
FE79
0B4F
FD2D
F893
0755
F885
0799
F647
0575
F916
0330
04B0
FC76
F2F3
07E1
07D7
07F2
01BB
0391
07FB
FD01
F7F1
F6D6
0662
0137
02EF
0664
088E
FF3F
077C
FAD9
0562
04D7
0790
05C4
0203
02BF
F700
FF53
007E
FA99
FFE6
09CD
FF30
02B3
FA06
FB8C
FE27
FB95
F993
FC83
FDA1
065E
072A
0840
08EA
06E3
0104
06FB
02FB
0188
FB1E
019D
05B1
0852
F973
F7DB
07B5
07CD
FB38
FE05
03BB
0746
F885
FCCA
0799
0794
07BA
07F3
005B
0123
0960
F79E
F82F
FB33
0124
10AF
0871
FACD
FC6D
0B1C
FD2D
FD0D
0BDC
FE1E
049C
F647
F911
FAF8
08A8
0000
079D
007D
07B1
FB77
FA1A
FC29
FE2F
FD0F
FA81
F93C
F810
0282
08BB
FF31
06A1
FBEE
FB3B
FDFE
0AD8
F989
FD6E
0205
0191
0548
FB88
FEF2
06AC
029E
03BA
062F
F8BB
FE14
FE63
08A4
0754
FC3B
F6EE
FD71
FFD9
068A
FEFA
0079
03D3
FED5
FBA0
0003
FDF7
FBE5
FCEB
FEE9
03F2
FD8C
F9A2
F667
FFB8
FC65
F4DD
060B
FFB6
00E4
FA6D
05D8
04B2
FCBA
FBA3
0427
076A
02B0
0364
045B
0630
F83C
FCEF
FF3D
0789
01A4
0048
F7BD
F6CE
025A
05C1
094E
F995
FE9C
FF33
02E2
0269
F674
03F7
03D2
FC9E
05D9
094D
0743
FA2B
FB07
0238
FE7D
02BF
F99B
FA36
0C95
02E9
0185
FEE3
03B9
FF35
F792
02D8
FC30
F9C9
F874
F98F
070F
098D
053C
056D
F867
0423
F73C
F5BF
008D
FB12
F3C2
FF36
FA7A
013E
F75D
F852
FB15
0D87
F8C8
F9FE
032D
F6FC
0300
07E7
F877
FC51
FEF3
0CD0
FBC1
0461
0034
FD25
0468
08A9
FA04
043F
0437
0811
FF8F
FCA2
F71F
FC94
FA84
0293
0B12
FBA1
FE73
020E
FC89
FFD3
FC44
FFF6
F46A
005D
F8E5
1275
009C
01A3
015E
0225
0AC3
01F4
FAEA
0504
F941
0576
F7C6
F686
FFE6
FA66
00F6
F61A
00D4
FCC7
FD00
0660
FE82
FF85
0999
FAFB
04D4
FB9F
026F
FE20
F777
FD6B
FCC5
03FB
0198
FE84
FE7F
086E
FEB7
030D
FD01
FB19
00C7
F396
0011
0168
FD78
0564
FEA9
F2EE
F7FD
0039
028F
FD90
0369
FC73
0561
FC3B
01ED
06E3
FB0E
FD3A
F858
FABB
08AF
028A
F964
FF88
02DB
FF1F
FF3A
FF4E
04F2
0911
F8A1
FB8C
FB53
FCB0
FB33
F82F
F8A8
FD93
0856
FD00
FA01
FDCD
0B2D
024F
FE8F
07A4
0303
076A
0067
0B77
0283
0CE2
F8F1
0063
FEBF
0116
0560
0A62
0022
FC47
FE34
0291
FCD1
F7BD
FA37
FFE9
FA4B
FBE6
05F0
FB64
0083
F95B
FEA3
0976
FF4D
02D3
FF0E
FA9A
0C5B
FB94
F588
0D3C
0CF0
0751
F98D
01E4
FE91
F77C
FB14
FEE0
06A2
FDF5
007D
022F
FA2E
0226
FBD7
FFAA
0BA0
FA46
0584
0364
FBB3
FE1C
FE3B
1240
0BF6
0463
FFA8
F882
FDD8
FEC1
FF37
0A0A
0567
0362
FCE6
FBC6
FF9C
01B3
0D0F
049A
0420
093B
F673
F84C
071B
F9B8
FCE8
042C
FD63
01DD
0797
0203
0AF0
FA1F
FC38
FE99
0889
081B
01AB
FA93
FCF6
FC46
00F7
F705
068F
FE33
0677
FCCE
050B
FEEA
01F1
01B7
07E1
0CC8
047B
F94B
FF68
09C7
0D33
072D
FA93
FB7E
F8CE
0CA2
0476
0009
FEA6
053E
FF01
FE3E
03B7
FDED
00C8
F4DD
FEC8
0B29
00F4
F9AD
F6EA
029C
04FD
0793
FB8D
0494
F8D1
00ED
0368
F9B3
004F
FB8B
F9C8
05CE
04EF
FEFB
0664
F5A5
0118
039F
FD38
0B60
F689
FB08
FAA9
F844
0B5B
07E9
FB7C
F874
FAF7
FF80
FE7D
04FB
016B
FA9E
07F9
030C
FD56
F85E
FC91
FBBC
0333
FAD6
0CAE
079D
FF4C
066F
0063
0D76
045D
05DD
00BB
F704
064C
FEA6
F6DD
02D9
0556
FE09
FE80
FA22
FCA3
02E6
F943
FC34
F856
0158
FCD5
03CB
0270
FCFE
FE73
FF97
06A6
00C3
FBFE
04EE
04AC
FC13
FDC3
04BB
F76F
FCE5
09C1
0221
0A79
088B
033E
F9EA
FDD0
00CF
0D20
F99E
F0CC
046B
065C
04AD
042D
08BB
FDB3
FF51
04F6
0405
02AF
F8C3
03D3
F960
116D
0657
FB59
02A0
F452
FE1B
FFC7
02E6
06D3
03B1
0B8A
F786
0955
FE2B
06CE
04D5
0832
0378
FCC1
F4BE
FF20
0815
FFE4
FB58
FEE0
F4A1
0AA0
0426
FC30
03F0
02F0
00F2
036F
FE72
014B
F5B8
00AF
FEC6
04F4
FD33
074E
F4D8
0AA7
017D
0705
07F4
0272
0399
0B83
0788
09DF
0038
05C8
FA67
126B
F6DD
043F
FD08
FA91
055A
081D
FB69
0278
FDB1
FBBE
F71A
FF97
03AA
08E7
FEFB
034B
060B
0104
FF59
020F
0842
FB22
0B7B
F944
FB5F
F9E6
0943
039D
07B1
FBE6
FB12
09FA
0A4F
FCD9
F896
FAA3
FAED
0790
006A
FFEB
FD86
F8C0
FD97
FDDC
05F8
0C29
07D8
F796
0336
F7FC
FA8A
FAF8
0426
010E
FA8B
FED0
FD33
0832
F98E
FD55
060A
0548
F9DA
0444
06DA
0816
FF1E
FFFC
FAC3
F43C
01DD
08F3
FD04
0681
0750
FF90
FB99
0452
FD96
00EC
0082
014D
082F
FFFE
F9E0
035B
FDD8
FEB5
01C0
FA0B
F8A1
07A2
0458
0691
030E
08D8
FE4C
FAD6
00B0
F9F5
FB47
0277
00FB
006D
07C2
FF80
FB8F
FFB1
F833
096E
0370
0477
03A9
FB05
05D4
0896
F63F
07DE
046D
0411
05A7
FB07
079C
0507
0510
FF27
F6F8
0556
FA1E
06B6
093C
0547
0326
FFF1
0411
F901
0484
06C8
FEC5
0454
071E
06BE
01DD
FEA6
04BB
FED0
033E
0508
05DA
0496
073E
FF35
060F
036F
09F2
0823
0661
00DD
002F
07BD
F9A4
08FF
0706
FC09
FF90
0396
0275
FAE9
F6D0
F0B2
FF59
0101
0159
FB5D
FA17
F999
FC55
F6E3
0685
050B
F8AF
01DA
FD95
0622
0665
FC24
000B
074D
06A0
F93B
05F3
FDC7
F5D7
0137
FF90
0486
080E
07A1
FB87
0143
F9A1
037B
FF4A
FC38
0709
00E1
0246
02CC
0516
FB8E
0498
F280
FE39
088E
FA8C
F67E
0011
FD3A
FEBC
0372
FC62
FFD5
0462
FDFC
0225
03DC
F40C
057D
0087
07F7
081A
FB1E
0427
FAE9
05E9
FEE8
FBC6
0895
09A2
05E2
FC8D
FB34
0CC4
05D3
F682
0839
FE9E
FC34
FF76
0268
08DD
F8BC
0952
054F
06B4
0266
087F
FF19
04E8
02DC
FA9D
FC61
04D3
FCD7
013A
0857
0887
03A0
04EE
04AD
FA76
0071
088C
FEA3
05B8
0344
040D
FF3B
FCE6
FD02
FC28
FCAB
011E
0524
FF23
F9FA
FFED
0702
0302
F6EF
FB0C
0376
02C5
0204
0702
068D
0341
061C
FED1
0024
08CB
FC8E
03F9
0331
F7F1
F867
FB6D
09A4
054E
FC38
0683
F3B1
FFC4
022B
F617
0235
F6A1
FB3C
FFA2
0004
F7F3
FE72
05E3
FC8B
FE09
0307
FC2B
FE3F
F5FA
01FF
FD9D
001C
05E1
07ED
00B7
0479
F5AD
EFD1
FD0C
FDF1
F173
FFD3
FAB2
F8E6
000D
09F9
057A
0091
F7FD
0033
F7AA
F9F4
02D8
04E0
02DB
0760
0643
0417
FD05
0A3E
F8EE
0223
FFA7
003E
0645
0243
0229
F937
0682
FF04
0AA3
F827
FDB4
FE5F
0550
FC5C
F974
0539
0870
F77D
F943
FFA7
05CC
08E2
04D2
FCA6
059F
FDF4
FAF1
0314
0361
F6B6
0871
FDBF
004C
0360
0320
012C
FFCC
085C
04B0
0545
FC27
0479
0928
074C
FA59
F956
0035
05C7
FB3A
FADC
0B26
0891
F9EF
FED8
FE69
FB58
0206
FC38
06EB
FC21
09AD
F6A0
026E
F911
0644
FCBC
016D
08BB
003B
05A7
FCB0
F4F3
05FF
FBAE
06C9
04C5
0870
05EE
04E7
05FE
0217
F7F3
016C
079A
071D
F67A
00EA
052F
0245
FA57
0817
03A0
FF40
033D
05A9
04C1
FB70
0469
F3C0
049E
FA87
0031
0551
05BC
F6D6
FC51
FFFE
0622
FA4B
031B
FD2D
04A5
FBA1
037F
FAD6
0651
F7B4
0396
FFAC
0451
FA83
F8AD
01F6
0467
FBCE
01E2
027E
F5A9
F29C
FF76
011B
02E1
FA21
04C2
007A
FD15
FC47
F5EE
F6EC
F744
FA15
0260
FA49
027E
FCB1
FFE0
FE04
0014
05AB
0522
0018
02E1
F70D
FB87
F73F
0748
0437
FB8A
04E2
FF91
0282
F4FD
02A6
0249
05FD
0822
0062
0667
F5ED
FF0B
FE71
01BD
0078
009A
F998
0608
020C
062C
0121
0839
003D
0244
0A6D
0AEE
0873
025E
F79B
FBF7
FEEC
0322
06F9
FCA2
FDBF
040C
F6AA
F8EB
F729
FA17
FB80
FC82
0357
00D4
03B4
FA52
FC34
FA37
022C
FDBD
FBA0
FD51
05A0
0218
091D
0B94
FF99
0109
FF3A
0210
072A
0CA0
0691
FBDC
F95D
FB8F
0777
F9BC
07D1
FCFA
F8DE
F92C
09CD
FBB5
001B
03DB
0A8E
026C
0075
FA28
075B
F602
0107
02D8
08A0
03A0
073A
FA9F
04AB
FD13
07D1
01D2
0645
0760
07AC
FB65
078D
FAD9
03BC
FD29
FE33
09C4
08B7
FE6F
FB2F
F855
FA08
0E8D
06DB
09E7
F7F5
04E8
FAC4
F2EE
FF58
00C3
00D3
03EE
04CB
0276
F845
00FA
FD1D
0560
F8D4
071A
FD3D
0B57
02C2
0717
FA00
FACD
FC0B
00F4
026A
02F5
FEA4
049D
FE50
0140
0033
F779
0473
FFA0
004F
F875
02F8
F7C7
FE5C
F7B2
FF56
FCB3
F9FE
05DD
F8E0
0307
FA05
030B
FD93
0B9E
FA94
034C
0164
04A2
03BD
FB35
FC86
F8CF
FF9A
FC5D
0421
093C
003B
0128
FBDE
FAC3
05AB
02FE
FA78
FCDC
072B
FDF6
0198
0848
0FF5
08FD
FBF1
0820
07B3
09B1
FB68
042F
FA24
0A57
0236
FF10
FE74
0579
042E
0814
0019
0A5D
09F7
FBAF
05B6
0473
F90F
F78F
08E3
F3B6
F6CE
FB41
00AA
0579
F9D8
03E5
0708
066C
03CE
05FC
0696
01C8
030E
057E
047A
00D5
FE65
F4A2
092C
0813
03C4
0841
FA0A
FCAF
0821
06FB
FB50
049F
FF8E
F87D
06D4
04E5
FCC9
0512
061D
0127
01C0
04EB
06D1
0846
094A
F8C4
0025
FB0B
FA8A
FEFD
063B
067E
0678
05B8
0536
F9E9
08F8
0241
04E0
0374
FB74
00DF
FD40
0621
0A55
01D7
06D2
FEDF
02BF
0355
FCC1
03CA
005B
0655
F809
FD29
07F3
0BCA
FF21
07B1
008C
FD02
F72F
FC26
02FD
FE42
08F0
FF36
0C7C
FDD6
05C5
FDDA
F886
02A8
06F3
03D0
0481
FBEF
0670
FB94
06E1
F8C3
0537
0227
003B
0BA6
F879
0530
097D
F971
0727
F583
0121
0376
FF92
FD20
04D5
0686
062D
05F9
0AA1
FDD2
F690
0003
01C3
0765
028C
F40E
065E
0858
FE19
F76C
F9A9
FC39
FE7C
05CD
F938
F50C
042F
FBEF
02E6
06FB
03BD
F38A
02C5
059F
FBD1
FDD5
06FF
02F0
0D5A
07C2
0291
07F5
F661
0091
03D1
FF95
FCAD
0824
FC5F
FC50
01D4
0270
FDA2
00DF
0903
F94C
FD49
FA75
0811
FD21
00C3
0239
FB8F
04B9
055F
0330
028F
FA8F
0965
053C
FFAC
04E3
FDE7
04DD
0457
FC14
FD15
089D
08C6
0633
FED4
00F2
FF34
0810
F6EF
FDE7
0978
04BA
FD77
FC50
05C2
0063
FDC1
0785
0B3B
F7E0
F94E
FB80
0D4E
FF47
FE83
F7DD
FA96
FA58
F611
034A
F705
FE62
FAC8
0107
0815
FA45
046C
FC51
FABD
0605
0B30
F31F
FACD
0078
FF36
0211
007E
023D
FB69
036F
FC22
0D43
0003
F704
0567
0ECB
085F
F6F1
FEDC
F85E
F3E7
0B7E
F996
06D5
0904
0752
0140
07BD
0266
00A9
FC22
05D1
FAFE
FFD0
01FD
00EF
03D5
090E
063C
FD00
090B
FCC3
FC25
FCA0
FADC
FE3B
FD30
023A
F47D
0922
FAB8
0829
02FB
F6A7
0631
021A
F9BC
02F2
04A0
FDA3
F62B
09B7
FF2B
0255
03C4
09E1
0775
F866
F456
058A
FAD0
0191
0649
0722
006F
08B8
FC10
07FF
F8B4
F9E1
F866
0835
0002
02AE
037C
FF8A
FEF1
FBD7
00AF
072D
099E
FA9C
F8E8
FB59
F697
06F4
FE72
0424
FBE6
04A9
FCEF
FE64
0BAE
0D4C
F844
F8FB
0261
FC0C
0090
058D
FC0A
F7C8
FC17
FD99
FA98
FB26
027D
FB78
FF4B
0053
0656
0180
F93A
F612
FA26
0628
021B
0210
F5D6
FE3F
FD8A
050B
0036
0E45
F66E
0158
0493
0990
FF87
F9B5
FC63
0152
F7E1
F03B
05B2
00D1
06F0
FDA0
FEC3
FB8A
0847
0C8E
F99E
0228
FC6C
FD1B
00B6
0330
04A3
09B1
FAAB
014C
036F
064C
003A
034F
F819
FC4D
F9E5
02F0
0161
0232
05E9
066E
FC49
FD68
FAD6
073C
F6E7
0067
00A7
0754
01DE
0877
F95B
031A
FA32
FC18
F9CF
F8F0
0223
FB84
F966
0780
06FE
FF93
0010
04F6
FF08
0127
F9C4
03E2
02C0
FB2C
FF4B
FC49
02D9
0618
F999
F956
FDC5
054C
0339
FD89
F972
067B
004D
FA5D
01EF
024A
041A
FBCF
FDE9
0290
0125
0ADC
FDC1
03FA
06D6
0164
03BC
06A1
FBA3
0637
07B5
066F
FC1F
FC4C
0040
FF29
FCC0
FF63
FC66
05BF
0251
FA54
FF49
07E8
046E
FB2C
F9A2
0636
FA12
0006
FABA
0570
043D
0448
FC3D
FE2B
059C
FC48
FB7F
02ED
FD80
FCA2
0773
02BA
05F8
007B
FE81
0668
014A
085C
11F7
0122
FEBB
F850
021D
025D
0309
FB2F
FEDB
FB10
FC94
052B
FFE0
F900
0687
FCA0
09BA
035D
FEAE
FA4E
075A
FB7A
FC0A
FEA4
FB19
01AA
FF26
FD24
09D4
FA7C
FF89
013A
073E
084E
0072
FE65
05DF
FC35
FA24
03A1
0906
05CD
01F5
F3ED
0453
0128
096A
F5D8
0347
FEE7
FEA0
F7D7
06C2
FDB3
F379
092A
0305
04CC
0168
FD99
0391
FF57
FFD6
04AD
FB4B
06F4
FA53
0012
F91D
0193
FF12
0802
F842
FBC0
0135
FC6D
FF80
FC8A
F7D1
03A1
FB6D
0788
00D2
F7EF
FD05
F468
F9B0
FC01
FC43
FAF7
FD3F
F9D7
012E
01F2
022E
0CA8
06A4
FAF0
0028
FF62
FE0E
F7F7
0097
0786
FD17
01CB
002B
078B
055C
03B5
FBB6
FC63
FF0C
FBE5
FF57
FBBB
0355
F5E0
0114
0904
F891
F5F8
FAEA
035E
F953
0983
060A
FE28
F94D
00B2
0273
FE5A
0B52
0D19
0A2C
00E6
0B18
08E9
07BE
F8E4
FF36
0296
FFF6
07EC
FA88
FC70
F8A9
0A4E
022E
FC6A
0211
FCE8
0931
0036
053F
FE05
0587
015B
0A77
FF71
F426
0179
FBB9
F595
02D7
05A4
0685
FC93
0753
FDDA
0543
023C
06B7
FB7F
034F
0142
FD5D
FCFE
FE27
0548
034E
02D1
0305
050C
FC0A
FC3B
FD5B
039D
FBA1
0B3E
06AA
02D7
0585
0328
018F
0519
005F
FBD9
FD8B
FDD6
FCE4
0486
FD3E
01AC
0953
FD43
FBCC
FBDA
FEE8
0526
F7AA
FAA1
0429
034F
FE6D
F74D
009E
069A
F88E
0786
0149
01CC
FC95
09E1
FD85
FB53
F986
0863
FF55
02FD
FDD7
FA5A
00E5
FCB1
0445
08C4
FB00
06D9
FB96
FA6F
0A91
03D4
0672
0226
015D
06F2
06F8
FF76
01CC
FB14
038A
FAD8
FB71
013D
009D
F94E
FC7E
FDEF
FFA5
0616
022B
0CE4
0291
F9D7
0463
04D9
0075
039C
081A
FC4E
FF4B
FEC3
0507
0210
0298
FF14
075E
0132
FF47
0302
0459
01C5
0683
09D4
F7CA
005D
0717
02FF
0306
F9E4
FF40
FEC0
024C
010B
026B
FCC5
035D
01A5
0941
FDDC
03C3
0A44
FD18
0533
FA61
FE59
03EC
0A6B
0596
0D9B
FF5B
015B
FE98
0635
04FF
0C7A
06A0
0105
FAC3
F951
F83F
FAFE
01F8
0447
016B
04D9
0573
093C
0393
02EB
074B
FEEF
F8BB
FD61
05D5
F9D6
FFB2
0B2C
07EB
0101
04D9
FFA0
020B
FA76
048A
09BB
0438
053A
0129
0416
0871
F7C2
FBB0
027D
00C1
FF98
F992
FF16
FF0D
0383
0896
062D
06F5
016F
FB5C
047A
0398
FC99
073A
01D4
0A5E
FCA1
0CBE
FD94
F8EA
F9F5
0441
F956
FE97
FB9B
FC4B
FBE3
0517
FD13
0619
075C
F8E9
0665
F747
F6E9
029C
F9B8
F804
FAAA
F5CA
FBD1
0645
F4E6
057C
01E2
FD22
FF22
026F
FE1E
0125
05C8
0AC0
03F7
FF5B
04BA
F87A
FEC3
FB28
0696
0164
FE13
096B
FEB2
FEF1
FCDD
04CA
FE49
FECB
0743
0528
02F2
0398
FEED
FAE3
0B73
07E3
FCB8
FFE8
03EE
0CF4
FB52
034F
07EC
0894
FF7B
FFA1
0935
033A
03C0
07A7
0159
0183
FE2A
F715
FB08
FBD5
FE42
029B
09F2
09C0
FBED
FDE9
0058
FD5B
026C
FE99
02D7
F7DE
007B
0BC6
FBF2
01D3
069E
007F
0206
076D
FB27
FBE9
0738
FA52
F7CD
0419
0918
FC0E
FBA7
078E
0128
FCB0
00DC
FD7D
FAC2
FDFE
F5B2
06C3
000E
0BCC
045B
03E6
07DB
0922
FF5F
FD92
FEE6
054B
F9B9
0831
0652
FF59
FD49
F98F
FE25
04AE
FC79
FA5D
F7F8
F932
F6D4
F580
0860
EDA0
F913
00C8
FBFC
F966
F970
0371
FBD3
F656
FDB6
03C9
0584
FCBC
F9D8
013E
FED8
F8C0
FD5A
F885
0590
0048
EED2
00C3
FAFA
FD52
0495
0402
00A1
F23E
FE80
04FA
F799
FEB6
0391
FF4C
FB11
0549
F5C3
F8CC
0038
0784
0DCE
0335
0489
0600
FF13
082C
FB2C
FFFA
0256
0334
0151
FD0D
0907
F83D
FDAE
FA1F
FA49
F6EB
F996
FAE0
014A
FD76
FE32
FB41
014F
0415
FBEB
067C
FAF3
0444
FC8E
055B
FD6C
FE85
FF36
09AC
035D
0546
0119
0388
0704
0024
0408
0F67
01D4
0016
0046
03F9
0246
06CE
0087
0239
FFB2
F5B6
0588
F98E
FEDF
01C6
03AD
023D
FC74
003C
020A
0573
06B6
FD7E
FDE5
FFAB
FB37
0601
FA23
08DB
0619
FBA7
FADA
0397
064E
0AE3
0CA3
FC57
FB40
0A3C
FB26
07F7
FFC0
FC9A
EE6C
0344
FEAF
F9A8
FE1D
F5C9
FF97
F605
0119
FDE9
066F
039F
F63C
021D
03F4
0197
FAD4
FB96
067E
09BF
FCB1
FA94
0549
FE67
FBAB
FFDF
0324
0271
0147
068C
0429
FF92
04A8
F6D1
FD80
F3E8
FE21
0113
06C1
FFBA
03F2
FD9E
0440
F6F8
0244
0438
FF0E
FDB6
FEDC
07DB
01AC
FFE2
FBD2
FA2E
FC38
00EC
FAE4
02AC
F83D
FFAC
FA36
FCE1
FB66
0375
0278
F48B
01CF
F958
0059
03D3
01BB
0AAD
05E3
0018
01A3
FB6B
06EE
FD8F
0786
041F
F907
0161
FD37
0997
014C
FE61
FD8E
FAC2
06FA
0878
F89B
FE95
FACF
F883
058D
FB37
FA8F
F2A6
FA2F
FB8C
FE91
FA31
01AC
FCF2
0463
FB6B
094B
F853
FF2C
0577
1083
FB18
F652
F799
032F
005D
034C
0082
0741
F9FC
047C
0321
FD08
FE45
04BA
FBEC
FEDA
FF0E
06BD
F90E
F9B0
FEF6
F9F1
051E
FF79
FC91
F98C
054C
FB0A
0539
05CD
FF83
04E8
F90E
FD8A
F0ED
0728
0856
07F7
F7E6
027C
02BA
0029
FE7A
FDF2
03FF
F649
0A0B
0C5B
062A
0340
FF8F
FD37
009B
0B1D
FE9A
0008
015A
019D
F896
FDCC
FEA5
052B
FC25
F462
0899
009E
FCAD
012C
02C6
FFFF
FDDA
0A86
FE17
FE2D
050D
04E2
FF7C
F443
0482
0CA9
F751
002F
06CD
FCF9
02A0
0C37
F253
F9BF
0487
FD0E
F9B2
0805
FB7F
F97D
039B
07D7
053E
FB86
FD61
FC62
FAB6
01A6
FE13
F844
F848
FE7C
FD3A
F9CC
F9ED
05D3
F9AF
FE9F
05B1
FEAF
006A
F16A
F58B
00A9
0195
014A
0419
0231
F989
0A37
F9C9
F928
F703
089A
0227
02F7
04AB
FF9E
0074
FC73
FBC3
056E
FE42
0B72
0391
0552
FB0B
FF08
FF4C
F94A
FD23
F779
FE9A
FD56
FE1B
F6B9
0136
FF30
FD88
FA9A
F99D
F6F0
F88F
F8DC
0845
0787
F31D
017D
FA1C
F47F
F755
0368
0600
FC86
FE6C
0488
FDA8
0303
F957
FA33
0623
046A
0682
FAD7
FEDB
087C
FFB6
05C3
0104
FDE5
0154
01E6
098F
0104
F8DF
0773
FACA
0767
0503
0737
0614
FC69
FF1D
063F
0035
0094
FB70
03EB
FC82
F677
FA5F
0290
051D
FF31
022D
F932
02A1
FDBF
FD6A
082F
034D
FD4E
F6BD
FD0F
FDC7
F6B7
FDAE
00A3
FE50
04DB
0A52
FB4D
FC61
FBA7
FEEB
FFE7
02EC
033D
F772
FE3B
0888
02BE
FD6F
FCDD
FD18
FAA8
07A3
FA68
004B
FB38
0545
F9FB
FAA3
F6C8
FC8D
01B0
FD96
FC10
F9EA
005B
0BB5
F7E8
FE5E
005E
FD12
07BF
0E5A
01F3
FDCC
FCFD
0105
0A3B
FDB1
F878
0995
0CF0
FB27
FC03
FBA4
09AE
F8B6
05B9
006F
0060
01C9
0443
FA87
0957
F7A3
FD77
041C
09D0
05FD
FF5E
FDB0
F619
FD3F
041E
FE12
0561
0470
F90D
FA37
05EB
FFA0
01F2
00DA
0489
FCBC
0609
0428
067A
08B7
FA86
FBED
0661
0C3E
0067
02F7
0075
FBB5
FFC7
FEAB
F715
07EE
FF03
F63C
FF6C
FE53
03D1
0282
0BFB
0796
0702
0BB0
063D
01C0
FEAE
FB7A
016A
037A
01BB
FB78
F8D9
08BA
F950
F9AB
FA20
02A9
0C37
062F
F905
FCD4
F8C8
F97E
0516
08D1
0138
033B
08ED
F924
063B
063B
FFFA
050B
0858
03D3
FE56
086E
02D9
055F
FE1E
027B
0515
06F7
0002
04C5
00DE
0433
FC12
F8B6
0043
FA68
078D
F9EA
FB54
FD6F
044A
FA80
FA04
051C
098E
FBEE
FD59
051F
01A1
02B0
FC7C
079A
0ACF
FB58
F901
FD6E
059D
0446
FF59
087B
0537
04D3
05FD
FF46
02F9
0289
001F
0614
0593
FD98
F99F
029C
FE29
05B7
FD66
093E
02C3
0203
FF2A
00B5
FD7B
0019
020B
FE4B
07BE
046B
FEAA
02A6
F9AB
FE97
077C
FE88
F958
0029
FCE1
FDF7
FF7A
FBEA
F1F6
FE3F
FDED
010E
018B
FC77
087C
01B7
FBB8
01CB
0433
FE31
00D6
FC84
FC17
042C
FD2A
FC6F
F832
03D1
FFB0
00F8
0165
F3F2
FD47
01C8
FDB8
FEFD
0539
0799
053D
0659
FB11
F831
06E7
FAE6
FDA3
FA2F
0881
03D5
0764
0589
0855
FA7A
06C7
07D3
F8F2
0185
FE48
F596
079C
FA8E
06C3
052D
FE68
030F
FD5B
03D0
089D
07F9
0778
019F
012B
FFE1
0417
F7A4
FE27
FB93
0166
FC2D
F9AE
FB93
0E7D
0175
040D
01DD
FE24
F42A
FE88
00E7
F854
0415
F730
00CD
036A
0235
F7C6
0A3B
FEE4
0486
F967
F8E4
FC41
06AD
01DB
FB82
F634
FE68
FAA7
0331
F9F1
08C3
FE67
02E3
FF11
0B5F
FB33
07A6
07F7
022B
FFB4
0166
FF86
02F0
05F0
FBE6
FD57
0941
FB86
F551
0722
F836
FACD
FD3E
F893
FEC6
0435
FA75
FC41
04D3
FE08
FFA1
EFCC
0354
03D4
FC03
F5A2
F986
0520
FE2B
F53F
0432
F9BF
051B
096D
086C
0638
02C9
05CE
04F5
FEC8
05FF
FE59
F9AB
07DB
02DC
FC10
FCF7
019E
0306
0839
02C3
04A5
F80A
08FF
0501
05FE
01AA
083E
FEF1
FABD
044B
FDA0
0320
025C
F962
063C
0593
FBEC
001B
011C
FA90
FD7D
0241
07DB
04F9
F9A8
03B2
0292
0420
08D7
02DA
074A
03E0
F9E4
FE0B
027A
FCA0
FF1C
0001
046F
FB7F
F98A
F8EA
F34E
F93D
00A9
012E
074E
FB80
0822
FB6F
053D
FAAE
0798
08A6
F970
F933
08DC
05C6
0318
FEE0
F6F1
FBBB
01CB
FE6B
FA24
0061
0321
F718
07A0
018A
06C3
061B
02B9
FD94
F68E
0226
FA88
0463
0355
0A91
FF0B
0809
FBDB
FA06
02F0
0513
024D
00AF
FB68
FA9F
09DA
F82B
06E0
FAA4
0118
0449
0A66
02EA
FA0C
0321
0C71
FB28
00FC
034E
084B
0804
FCC6
FFFF
F987
F98A
F7F7
02A2
0300
F9B1
FE9A
FEC3
0633
0A69
FEA5
FA98
FF0C
FDB8
0661
FEB5
FB64
0328
FFE5
0079
FF3F
070F
F7BF
FFFE
03D0
FD09
006F
01CF
0712
0A02
079E
FFAB
F661
089F
0D45
0066
0201
FFF7
0444
0CC2
081E
F956
F8EB
019E
0037
F98F
FCEB
00C5
0914
FBC2
05EE
FAA0
FDB3
0670
FECC
074D
F7EA
068E
F636
00E4
FE15
FBED
FBF5
FDB0
F755
0074
0267
FC20
0436
FB44
F553
0BA6
FA5C
0A0D
FEC2
0164
FC40
08FE
F8C9
048E
F26F
FA5E
0383
0743
FD58
089D
0208
0277
0127
FDF9
0442
0761
007F
07B8
07EA
FACF
0338
059A
064B
048A
0649
06B6
FA68
0630
0740
FC41
0531
079C
055B
FBF6
F390
FF79
099A
F817
066D
09D9
0713
066B
0983
0069
F6B8
0066
0459
F86A
05A3
045D
FB85
0814
0E76
001C
0370
F583
076A
06B9
0AD8
FAA3
FBF6
F6B1
034D
FE33
F90B
F3C5
FFF3
04CE
FFD1
01AF
FC86
FF47
02D6
0151
FB48
FFA4
FC43
F81C
04A2
00B1
FE24
08D0
FFB5
0803
01C2
FAAB
F8E5
0436
FE3D
07F4
006C
0020
04BD
F795
04E3
F818
FE60
F996
FC45
0B08
00EC
0238
F9C6
06D5
FB55
F4F1
0593
FAD7
086A
050B
026E
FE2C
0132
F646
0A43
003E
09B1
07E9
FFCE
F7F3
FE9E
FD7C
F95B
FCDA
FAB9
FCBC
FDCD
0858
08B5
FCC6
0A11
09B1
FF6C
FF6F
03FE
045E
04FB
F95C
FF52
0300
02AD
FFAF
00B7
FEA2
0757
FD66
FA7B
0279
03B7
FDA9
038A
02B5
FD39
FB70
F993
0958
F84F
041F
00A1
FAAA
F8D8
F780
0009
05F9
068F
F9A4
0599
FDE6
0180
05F9
02BE
FAAA
FC05
0551
091C
0688
07E2
0CC9
F7D3
FD84
04BE
04E5
04D1
07B5
FEA4
0618
FB19
FC70
0142
0215
004C
FBD2
01AC
FBBE
FA46
FCD0
014D
F90D
FF5D
FCD1
00C4
F6BB
00B5
07E1
01E5
FCF6
FA2D
FB8F
FAFE
02F6
0474
0059
02F3
048B
FDD3
0095
05DC
FAC4
F94E
FBF3
011B
FBBB
04AC
FF3B
060E
01ED
02C0
0926
FC6E
0570
FA18
FDFB
F7FB
024C
FE4C
F821
FCA8
0713
0AD9
06A5
0832
FC64
FB86
0130
FD77
07AF
0392
059E
FC23
0A7D
F955
F790
FB61
FA04
FEFC
07A6
FEED
00D4
FCA1
04C2
FCE1
07ED
F821
103B
FE33
0043
0359
FEBB
014C
FDC8
FB84
0A4F
01FC
FBE9
FA88
0182
0768
08BE
06F1
054C
FD43
0283
F8E2
F9B8
00A2
0601
0299
074B
049E
07E0
071F
05AE
F9A7
075E
FBB0
07D1
066C
025E
F01D
F942
FD77
05C3
F619
013C
05EC
0918
FD76
0617
F89D
07E0
FF70
FFD4
008E
04DD
FDF9
0174
FC52
FB40
003C
FDF6
0001
03BF
05FA
041B
0038
0859
FFF1
0394
FE6B
FA9E
FEEB
01B4
077C
FCCF
00E7
F891
0168
FF17
F7A9
FC45
FC9E
042A
FE10
0165
FC27
FC59
05FB
0644
F8EB
FB5B
0A2C
F958
0527
067B
FCE2
0091
FFA5
078C
0189
F84C
FCE3
07B5
062B
0270
FB4F
0B1F
FCDA
0433
0677
F62B
F516
0084
F9A2
0491
032D
04C5
FE77
05F2
F829
074E
FA8D
0004
FADC
00B6
0151
FA79
0066
F988
06C7
EFDB
0191
FD5A
0826
07D2
FE27
017A
F53A
01A4
0872
FA6C
02EB
02B5
0023
0147
01E0
0358
06AA
0312
060F
FE4E
00DE
0204
F710
089C
FD70
FBA5
FA91
037E
0053
0206
04C1
FE12
FABD
078A
FF6E
FC69
0158
FF49
F8E7
F926
034A
0153
0585
0D65
F820
026A
0554
FF61
0475
0A08
FD5D
F74D
F775
0A42
FDE2
086E
039F
0051
FF53
0898
FA67
FC3A
04CB
FEFC
028F
FB75
007E
F7FC
0111
015C
FE74
06B4
0439
03BD
F9FC
F545
034E
0287
F799
03C2
0517
05C9
F7A6
FBA0
015E
07A8
0E09
028B
02A2
0051
0885
F7C2
FC2C
F944
FB16
FA76
074E
FB35
FCA4
08EB
FAC7
FD5F
FE4B
FF62
06C0
063E
05EE
08F5
029C
079B
F7D8
04B2
006C
FC0B
0359
F72F
F903
00D3
03A9
04C9
FFF9
F6CD
067E
FA7D
0000
046E
F809
0C43
0460
FAF2
FE58
F6EF
039E
04BF
02FB
F536
0622
00A9
0A83
F87E
FDB4
039E
FD25
0BFE
0694
00B5
028A
FC7F
F93B
087C
F544
0800
0A46
009F
FD68
025D
FAE5
0802
FC8A
0794
02F1
107E
FA62
F8CF
F819
0078
FDE7
FC36
F9D0
022F
0204
0717
0802
062C
0879
0635
FD44
FD5E
0031
FDA3
0720
FD02
F9F0
F56D
FC5D
F96C
0255
004F
FCB7
FC9B
FD79
02FC
0910
03D7
074F
F9B2
0989
01E1
FFFB
FBBE
F9D9
03C0
097B
FF6B
FF58
FD69
049A
0058
019B
F75A
FFC3
0389
FCF6
033B
FD65
F89F
0B0C
0AD0
0092
FBE2
F1E8
0452
FB28
FCAF
08C7
F8BA
09E8
F93E
0C6B
F8C4
FFCE
FE0F
F7FB
07C9
FD09
0178
F7C4
017E
0715
0B16
08BF
0559
FE5A
06A1
01C0
027C
0394
0506
0609
093B
FFBA
FAC2
FEBB
F9DC
113B
081F
0187
F93B
0350
009B
0001
FFA1
0973
0631
FC9B
02C0
F6AA
FDE0
08C4
F228
071C
FFC7
007E
005A
00E1
03BE
F914
014C
FD24
09EE
07D7
0152
0334
0035
FFCE
FE2F
FC7D
0852
F9AD
F999
0512
06C7
FD7C
FB87
FBF8
053C
F8AC
FBAE
F215
F1D5
F917
FABB
06FD
FC47
0363
0189
FB1F
FAD2
00F5
FC25
075B
FF60
FB39
024C
F88C
0469
0091
F6E7
FBB9
024E
0785
021E
FE76
067B
0798
F503
FFBD
0141
020C
FC89
F647
F88B
0046
FD2A
0307
0082
046C
FE14
02A0
F7F9
07D8
0F5C
0AFE
F86D
F98C
FE7E
FEC8
0582
0423
0790
0903
F723
00C3
FDC3
FB6E
FBFB
008C
FAF8
FBC4
FD38
FD0B
0081
FB8C
00BA
FC60
00A8
020B
F504
FA34
FEBE
049C
F298
07D9
0516
0061
0A11
053E
09D4
FEF7
0530
0893
03D9
F8B9
F86B
F8AA
FA87
FB25
0C2D
078E
06CF
F2E3
01B0
06AB
FDD2
0859
FD62
0207
04D8
0472
FAA3
FE21
FA19
068F
FB45
0CDA
F621
0446
0489
0196
048E
FC1E
F863
059C
03B5
08BD
FA02
FDFF
009F
F979
0657
FC97
FAF3
FB34
0A0E
0BCB
0081
080C
FA42
FA75
F4F4
02D6
FCF0
FC14
F566
0053
03AD
08B9
0179
FCB7
FE09
F5A5
0492
0681
F6F4
0018
FBB9
0389
072A
F7F8
00B6
FBD8
FA8B
00A7
FF15
006C
FEFF
0A68
F991
F9DD
0836
FB1F
095A
FCEF
0818
042C
00AA
0409
FBB8
04B6
024C
069E
FB12
F86E
FC82
FE75
056C
FDAE
03D9
00ED
FB57
FB3C
08B3
05EB
07EA
0A11
F913
FCE1
FA14
0385
041C
FE48
F7C5
F483
0938
028E
FCBC
F4B1
03AC
FA67
F9E8
FE2C
005D
FF78
02E0
FBCA
01EB
FE93
FD29
F890
0BDF
00B2
0643
057E
0198
007E
F6B0
FAA1
1034
FF8F
033E
09E5
FAA0
FF6F
0813
0016
0679
0292
0626
FA1F
FC4B
032C
055F
0363
FBB8
FD46
02CA
F9C8
FE5C
FA0E
06F4
FD02
FE7A
F870
0815
079B
08C8
F748
FCA7
FC68
0209
F620
FBCE
03A2
0333
FCD1
F746
F9B6
FFB6
02FD
0376
07D8
F698
048C
FD2F
017C
0410
061C
053E
0565
FB03
F7B9
FCB5
03F2
F9BA
0125
FD6A
FA46
007E
06DB
0E0E
0470
012F
FACF
02D4
03D9
02FE
04C3
068E
F8E8
034E
03D2
0149
FFD2
FF4A
071D
0233
F678
F557
F89D
F874
F833
FE73
04D0
012E
F3F0
F88C
0162
FB24
F999
FE79
FDD3
FF8D
0AEF
FAE9
0403
FE9D
0024
FFB0
F85B
FE42
F6D8
F88A
0061
F53B
0A7E
FAA2
01B4
03AE
F895
F383
F4F4
F6B1
0012
F3E1
03B7
004B
0BB2
024F
FA64
01A1
08F1
0577
058A
FC44
FE0B
FAD1
FFBA
F9D0
FC05
EAE3
0186
0372
FDAD
09CF
FA7A
F923
0098
04BE
096E
F810
0590
FC80
097B
0820
F8DC
FC00
0239
FE58
0302
FCEC
079A
1230
F631
0261
FD3B
FEDE
FF21
FDFC
F8F8
03DF
02A9
0274
F9B1
00E0
053B
F915
075C
FE25
FC74
FD87
FD2E
F706
FF93
FF0C
FC7A
0897
FB91
0852
0688
04F5
0A75
FAB1
0206
F595
04D3
FC13
07DB
FEEB
FAE2
FF18
F917
0584
0514
FA26
FDDC
F887
0155
0669
F373
FE7C
04DF
042E
FA23
FF64
02D3
04F2
FD17
001C
F7DA
FDD1
FC1F
FBAB
FE87
028E
0114
FAD7
0386
013B
F537
076B
F93B
F8FB
EE11
FA15
F8B9
02F2
FFC5
F79A
FB13
0957
FBDC
F71F
FDB9
FEF4
F82D
01E7
FC16
000A
FCC1
F9D9
07B5
FD95
F89B
044A
F986
F153
09A1
038C
0713
FDA9
0248
06B1
FC85
FE31
016E
FA8D
F99C
002A
05FE
F8B1
F7AB
F8D6
FD6B
05DF
FA38
011F
01E7
01B1
07BA
FD7E
0771
F95D
058D
07ED
0709
0207
0351
FE33
02EC
04A8
F8EB
045A
087D
FD7D
FA5D
01A7
FD83
FA2E
0164
FB49
04F4
FED6
02C8
06D9
07B9
048C
F4F3
07DC
06A9
FBE5
0134
05D2
0426
0652
0971
06D6
0502
FB7A
0656
072B
F86B
0916
F956
FAEE
0571
099D
03DB
F947
0742
0A42
0235
FA44
0662
FB34
001C
091B
032C
FC50
FE56
0A04
FCB9
FAEA
014A
0D22
FF1B
05A3
00F9
FA08
F9A6
FF40
FB41
00E7
046A
0502
FC23
07AD
FA45
F7A8
0133
0235
07DC
01EA
FBFE
F870
0091
FDF1
045D
03F6
FEAE
05FE
0293
06E7
0139
FCF3
FDD5
05A8
F9BC
06FD
FB1B
0733
0425
0156
03A0
0299
FAD8
FF9A
04A3
F9D6
F984
000F
FABA
F92B
07FA
0B42
FB76
F661
0A20
F938
0788
FB99
FAD3
FF65
04CC
0771
F976
035A
F7DC
0624
0409
FCAF
09D6
01CC
04A6
FFDF
025E
074A
0C94
025B
FB50
066D
0449
01E6
06FA
F7B2
03BB
F91C
012A
03FD
0842
01A4
FC8A
FFD3
015F
FB03
FC41
FFF2
FD28
083A
FCF5
0142
0479
FC99
FF08
0655
FDC5
FD77
00F2
00AB
FF5C
F7F1
F873
02F3
FE50
FECF
0785
0266
F779
FCC9
FDFD
0954
FA06
07D5
FE44
0514
0514
F752
FA10
F8AE
FE7C
07E0
FBB3
05D4
0667
FD5B
02EB
0144
0344
FB9C
FDE2
0646
0451
FCD1
F4B3
048A
FAED
0613
06EE
05D3
0467
F701
03E1
01BA
FB44
FD46
0856
095B
FDBF
037D
FE42
025B
F56C
F89C
002E
FF74
F62F
00F2
FB05
075B
09C3
0195
FE02
066E
FB88
008B
0187
04F2
000B
0389
FFF8
F4EF
075F
F289
061E
F7FE
045B
0528
006C
FD56
FB20
FAB0
F9E1
0A54
F5B9
01B3
FB3E
03DD
0045
0284
F81C
06EA
F9F3
FF13
09A2
FB54
F617
04CD
FCAE
06AF
0DAC
0056
0838
02E6
0557
FE40
F88D
00FF
0671
F805
07D7
0524
043B
FCAF
F23C
01C2
02CF
FB09
FF01
FF2F
FB2D
06B7
0506
0781
F966
0936
F3B9
0121
0081
FA1E
0323
F994
040A
FECE
FD0C
FEC4
FCFE
FEC3
F876
0AC6
FFAA
00A7
FEC3
F731
FB96
FC3C
FE0F
02F0
01C4
0592
09D9
FAE3
09E3
FFFD
F935
09E7
04DB
FC7E
FBC8
060A
0483
FD9D
0003
FFE2
0CB2
F969
0CB9
031E
0DA0
F71B
FD03
0946
F93D
FA03
FF4A
01D7
FFD3
003B
F84C
03E8
FE1D
F3A0
079D
076C
FE33
01D7
00DC
065E
0985
0286
FADD
049E
F2D7
F8C0
08A1
FE0A
FEFA
02CA
F688
055A
0256
0892
F90E
016F
FF20
FD8B
FD1D
00CF
0026
0A67
0F47
0BE4
FE2C
06DB
05B8
0602
0BC4
0CFC
F58A
04E3
073A
FB2D
FEB2
F733
FBD8
FD07
060F
FB0F
05B8
087A
0763
007F
05DA
FF39
0F51
00EF
FC85
FC19
0AAE
0282
0454
FEF8
FB2A
0186
07FD
0216
035E
FE96
0602
0AAA
FEC5
FC51
FBFE
0440
081F
023A
FEFF
FD52
F4F3
FB76
F9CF
08E9
FD3D
098B
FDB2
0222
FBED
F24C
FCE0
04EC
FF36
0653
FA27
FF1B
04C1
0374
FE70
08D2
0409
F663
F8B9
04B1
EEDA
0204
FBE1
F7DB
FC57
060D
0316
0108
01C9
FF02
03BE
022E
066E
FFB0
053A
0574
079A
FA27
FCE4
FDC7
092F
063A
FCE7
016C
0306
FAC8
03BD
F83C
FC38
0B2F
008C
F6AD
FFE8
FE80
1042
FAB1
0676
06FC
FC70
FCF2
018E
0B5E
00B0
06BF
08D0
FE58
0232
FEBC
027E
F912
0406
FF7B
05BC
08D4
0B62
F9FF
FC1E
FD91
FDB7
F620
01EF
FEE5
025F
F71A
07E9
077A
F942
FC79
0370
06A5
F906
0AE6
F99F
006A
FBAA
0234
0D25
058B
FDF7
FC5E
06BF
FA40
07DF
F7AE
F9BC
FE44
036F
0578
02D5
FAE0
FADE
064C
0210
037A
FA91
FCD0
017D
0847
FE69
0053
FC5A
06F9
0732
05FB
0092
F969
06D0
0406
00F4
01B4
0003
04FA
0165
0468
0866
041A
FED8
02EC
FFD2
061B
05DE
021A
0492
FEA2
07E2
FEBE
056A
0727
F8AC
08DA
01CA
FDAD
0665
08E5
F9E4
0653
053E
02FF
FDEC
06D2
FCD0
F821
07E0
FD49
01B3
09E8
08BA
0954
FD94
FA87
F811
FF25
0694
05C0
0815
FE43
1213
F617
0584
FA92
041F
FE91
02B9
FBFF
FE73
0531
0098
FFC4
027A
F7B6
026B
FFC6
0432
027B
FDD9
05E2
08A1
F8E7
FD24
FDFA
0345
FE33
07A5
0B87
FA07
FF7D
025B
FF9B
00A1
0AFB
039E
FF53
00E0
F563
FAC3
FF73
0967
FAA2
FDED
FE69
080B
004E
FFD7
FAD0
0D15
068F
0831
F93E
07E4
0508
F9CE
0972
0583
0A67
F411
078A
0617
0A32
04E4
07AD
F406
0172
0AA1
0691
000E
FEE0
001D
036F
04A5
0518
08DF
0CC4
0378
FBBE
FB8C
0937
05EC
07EB
F9E5
0C7F
0744
0581
FC7D
0439
022E
F90F
0225
FC60
0428
FD25
F6C9
FA20
0849
0643
0174
FE99
F754
031F
0357
0389
0ABB
0716
033F
0792
0CF3
0287
0621
FCEF
FE6C
05E4
FBEE
F840
0BDC
F8FE
0299
081F
00D3
F535
F666
FF45
045C
0448
06B9
FBA2
08CF
0726
033B
04E9
FE58
F9E2
0196
0CB7
FE03
FB81
05AF
FD52
0451
FC39
0061
FEF0
06A0
FD43
06F8
008E
0571
01D2
0262
FD86
0093
FA64
FF0A
065E
FE1D
FC27
FA04
00A6
069E
06B7
0061
03DF
FFF0
FD47
039B
F8E0
09BF
03D3
016C
FCD4
F668
F983
0612
FD2F
0319
0378
F615
0439
FCE2
0107
0459
FD79
02FB
063A
0533
0603
FB8B
01EA
FE85
05BD
07DB
F83C
006E
02DB
0477
FAC6
F92A
00F8
076D
FDAC
FAA0
FB5F
0158
F60E
FEAD
0687
00C6
FC74
FA2D
04AE
0720
FED8
FD59
FD72
0867
080D
0617
0524
02C9
000F
05B2
0401
047B
FC00
0168
0015
0596
06BE
0095
03AD
01A1
0685
0B41
037B
0010
FEDB
07F3
FEAE
021D
F860
0517
FD38
FCBD
FBA0
FF76
F99C
0C3C
0EE1
0A3E
057A
F85C
FC92
05A5
FA60
111D
0818
0B69
FE23
086F
0FC1
04EA
FAB9
0AE4
F9D8
FF0F
0406
007A
F59F
0735
04ED
FA8E
01C4
0253
0AC4
077E
FB0D
FC2F
FEA6
FC16
0169
05AE
065B
0506
01AE
F896
FE50
0608
F73B
0CEC
FA71
F7F6
0203
088C
0096
0718
0644
F8B6
0242
0089
FAEE
0245
095D
00CE
0042
034F
06C5
FE1C
FB33
FD87
039E
FCD7
000B
044E
04F3
02AD
0189
0753
05B6
F7EC
0208
082B
FF2A
F889
0843
093E
FDAE
FA47
FBB0
FA08
06EC
FE3E
053F
FD27
FC7B
04E9
FD82
FB10
0999
FF29
F859
FF5C
FBFC
08AA
03E0
09A2
042A
08CC
0212
0768
FF89
FD06
F902
084C
01DD
FD28
069A
0671
FB3D
09CA
033B
FB98
F88B
0276
08BA
02F0
0B58
041B
FB64
026D
FBF8
0576
F7BE
0232
F733
0369
02B7
FADB
F7B1
FBD5
FEA5
F6E9
074C
023A
0484
04ED
F8D2
0835
FC2A
0C45
FA65
FF36
07D7
F76E
FC8E
FD3D
FB71
0217
F6A9
F823
0636
F8BD
FA9F
FE04
F617
FF27
FEFA
0300
FFED
02D2
FE21
07E8
FFD9
076B
0152
09EC
01A2
01FC
0243
08C7
0BFC
F8FD
0405
FF08
FBDF
0488
0417
0136
0AED
FF64
0499
FB6A
0681
093F
0229
06C6
07DE
F95D
FD9E
01E3
FB66
FE7D
F858
FB00
06B3
0148
0898
FA74
0446
FD80
011B
0587
F779
FF07
05EA
052E
0422
0623
FD43
045C
0079
FF10
02AF
F875
FB23
FF27
FACF
01A1
0735
07E1
07ED
F97F
F7BB
FA8D
FEA4
0141
01F9
FC05
F9C8
036B
08B5
0AC6
04A6
0668
FC7D
04DB
FE76
0403
F8B3
FCDB
0215
F85E
020D
FA94
09B4
073F
03ED
0B4B
0055
FD49
F60B
FB83
0861
FB72
0195
0072
FF6C
0436
FC81
05D5
033B
FB71
FD28
06E3
FEFF
FF21
F8E4
F90C
00DC
000E
00A5
0721
0030
006E
05B5
007A
F78D
0AAB
05C3
02C0
01B6
0149
F90F
FBF0
FB3F
05F0
FF99
FC2A
0275
02EE
0C29
0766
FE1B
063D
FA40
0023
FFD5
0133
0470
F64D
F855
029F
05FF
03AC
FE79
F5D5
0096
F6AD
FEF5
0E60
FA6C
0880
0353
0A5B
006D
01CC
F878
069A
0109
0B07
0356
FCAA
F5D8
FEF3
F9A0
0AA7
F9B7
04A5
FF42
FBFF
F94B
FF20
FF3D
08CC
0497
04E1
FEFB
FC2F
FE1F
02A8
05F8
063C
00CA
FA3B
FBC5
07D6
F8EA
0315
033C
0158
FC9B
FB31
0074
0455
03F7
F8D3
F9E3
F8A7
03A1
031C
0534
F674
03D3
F911
FE4A
F4C7
0403
077A
023A
02A2
086E
FA47
FE00
0184
FFA5
0575
FE25
FD55
FF04
FBB5
0210
0280
FF67
02CB
FBA4
01E8
03CE
0816
06A8
FEB5
FB64
FCFA
FA89
F8F9
04C6
FC43
FFE5
FCCC
FAE4
F9E5
FEF6
FF5F
05A0
01EF
F84C
033B
FD50
042D
FD0E
FE89
069F
056A
FFC2
FDAF
04B8
05D8
FB72
0143
FAF1
045E
04E8
FAFD
0448
0081
FB46
FBC3
0CA6
F88D
FD5E
FC49
FA6D
FB89
FDB8
F6C0
0567
05D4
FF88
F8E6
055A
012E
FDB1
0622
05DD
0705
FCC9
0595
017B
FC95
06B0
FDF2
FE93
0254
04DF
F6DA
F9AF
F452
0367
091E
F33C
042D
F848
FF75
FBA8
001B
0510
FA43
0490
02EC
FABA
05B2
033E
FA9D
FD08
035C
01BF
FF8A
0CA1
07C4
04AC
04B9
089A
03EB
FCC0
FBD2
FB93
FC7C
0278
080C
F76D
F919
03C4
06C4
FE14
F389
F673
F7B5
F942
FEDC
0716
00B0
FB9B
FDEA
078A
FF2B
055A
F697
FD2C
0712
F40D
F5FB
080C
FA07
F8A7
02CC
0296
FC43
FF5D
F6F0
FEFC
03E2
FC54
0893
FA2D
FEBC
FFEB
FD53
F762
F6A4
FA1D
05ED
FCD5
FEF2
04BD
F5CA
FF00
FA0D
FDD8
091B
FAD3
027D
FBD8
FF68
FFBD
05FF
09B0
FCBE
FCF6
0397
F998
FC8D
FDA9
0137
FD52
FA6A
0762
0767
02FA
FF13
0908
0514
022B
FD67
0622
0645
05E2
0AC6
0305
FB21
FD13
033A
006D
0106
FA2A
FF02
0092
F6A4
FA43
03F0
F86C
0234
00E9
FD62
FC57
0464
00F3
FB81
062E
F9E4
FB64
07E8
FBE2
076D
F9AE
FEBC
FC01
F95A
0103
06A8
0422
FE2E
0604
FC84
FE3D
FD53
04EC
FA33
FD5A
0960
05FB
FC59
0A5C
0092
FAD9
0854
0419
0297
006B
F6EC
FBFA
05C3
00FC
0B4A
07EC
0863
02D7
03AA
026D
F89F
0998
0A4B
FBB2
FB36
FB86
08C5
FF2B
012C
0983
0325
FFBC
063D
FB39
0122
0A9A
004B
078A
0482
091A
0017
01ED
F9BF
0079
FCC3
0528
03C6
0D0C
EE52
FB7B
0051
06AC
F7C4
FFBD
0256
F66F
038B
FF0C
0319
03AC
0717
010D
087F
05F6
085E
040B
0424
0655
FB8D
FF0B
062B
FD11
033B
F822
04E4
0A70
0586
0269
096D
052C
F95E
0367
0749
FF3B
FFEA
FCE9
0000
FB73
053A
FA94
FDC8
0288
FBA0
F585
06DB
01AA
F90A
06D2
05BE
06ED
01E6
FC10
FB3B
0714
FF1F
0B14
FDDA
FA81
F928
0AFA
04B0
01E9
FADE
FDBD
F8D2
05BB
0271
F8AC
01B1
01C8
FC6B
04F1
FC3E
0B3F
FC3E
FF93
03CE
F7DA
022C
00CE
0259
0B3B
0536
FC13
FCDA
FA46
F5E2
031D
0008
0398
02B7
009E
0293
F5D9
FDCD
FEB6
F7D8
FAA5
01A6
0192
FBD9
02A5
01B4
F76C
FD27
072E
F90F
0562
FC42
F911
0145
FEB4
05B5
05F7
02EF
003B
057E
023F
0CCE
F7A9
07AD
F3C1
FF2A
0366
F7F3
F801
0322
FC22
057C
0197
FB00
F3A8
FF9F
FC67
05A1
FAE1
FC41
02BF
FE41
FA70
0164
FF38
0461
08DA
FB51
F887
03DA
012B
F741
0353
FCCF
0CC4
0797
0487
0610
FAAC
07B5
06CD
FA90
FFFE
FF0D
FF61
042D
FF1C
0FB2
030A
FD8F
045E
0803
09E3
0424
045E
01FF
028D
FA23
09AE
0330
FEF1
FB7D
071D
FD5A
046F
03EE
FB83
02E1
FC77
0832
0377
0074
02C5
063F
F742
FA0F
FE13
0486
00E0
0680
FC46
01A9
F698
04A1
F7F2
FCB7
F9D6
F83A
0250
04FF
00F9
FA66
FAE3
FC5E
034B
067D
FEAB
0537
FCBB
02FE
F778
04EE
F9F7
F984
FC36
F806
F8A2
025F
FADB
04BA
08A5
0171
FFA3
FB1D
000F
099A
F9C2
0A25
0215
081C
0538
F9D8
0355
F9F4
0A39
0297
0351
0483
F91A
013A
FBB2
F58D
FA9D
FAE7
FFAE
01EC
0962
FEA7
001A
FA7A
FCB9
F75E
0066
FCC1
057E
0382
F5C8
0303
F81C
FCAA
FD66
FEB8
FCB2
02E7
FBE7
0760
0061
07A9
F712
0750
02A0
0211
FAEF
FCCC
0816
FE41
FE6C
07CB
0088
FBCF
FC24
0620
FA25
FD79
FA70
09BA
F782
0783
FCB8
0789
FBEA
F8D3
F24F
F934
FA53
0464
F7EA
F996
FEBC
FEDE
FB24
FDE8
F8A4
000C
FE48
FA27
065D
0836
0376
FE76
FE31
FC0F
0068
FB68
0789
0541
06BB
F8C2
F938
01F8
FEC7
08F5
FAE0
08BD
054B
0660
F86D
04D8
0120
F9A4
0A37
0893
FB23
F8EF
F5F0
F636
F7F0
0188
0240
0101
FAA4
0309
F508
FAF0
FD4A
07DF
020A
FE3C
FC05
06AB
05DA
01B6
F5BB
07C7
03EB
FAA0
04D3
F280
FD68
007D
FC15
0541
FBE7
0113
02A4
04F5
FAE0
06DA
023D
06B8
FA6C
065A
0372
F8E4
F907
F847
FE77
F974
0417
F9B7
046B
F565
FE24
09EF
F469
F7D7
F22F
FA0B
FEAB
FF25
028E
08F0
028C
079C
FDC9
03D9
FAE1
04AB
FA48
FC02
0367
FE60
08F8
0431
F867
0357
06A3
07BA
0B36
0518
02D8
0800
03D9
FE7E
FE77
FA9C
0341
0058
04EE
FE79
FEEC
0A29
FFD3
0470
FF67
FC73
04AB
01DB
061C
FE78
0811
FF3E
064D
0905
FD67
054D
FDA5
07C5
000C
02F2
FA6C
FF16
00B4
FCEA
0311
FED8
FAF3
0194
0013
FC99
FB96
0057
FE9C
0412
0558
FC30
0564
FE08
0471
0740
FF4E
FC28
0603
0521
FD1D
0408
F620
FB86
033E
FB68
FE93
0311
0047
FB01
0775
FDF1
029D
FF55
087A
F8A1
FE3F
0A64
FC5A
065F
FF2E
FEF4
0950
FA99
F6F1
F988
0532
FAC4
FE6A
0516
FE6B
0328
FB63
F819
06B3
FA47
00D6
0359
013A
0A68
0149
00E9
FC29
0A8C
0741
FED6
06A9
083B
06FE
FD0B
0A03
FA93
03FC
FE92
013C
015E
FE90
FE1B
FF78
0904
0ACF
FF5C
FF05
F935
FAA7
FFCB
06D2
F813
FCFD
F6C8
055F
013F
FF01
FF19
04A1
047F
F980
FAB9
0255
0592
FF67
0173
04A0
FB8D
FC2D
FDD5
F7E3
04EB
0255
F821
FAEE
07F9
FD3E
069B
0527
0221
FCD6
0675
FD24
04ED
FD3F
03F3
05FF
018D
FEDD
019E
F700
F97E
FCC4
FB9C
FCC5
FBF1
0103
FD3E
FE67
F921
FB66
FD19
FFF8
FEAF
F920
F935
0275
02D8
F936
FC63
0013
F7C5
FB75
FF9D
046D
07A2
F826
FF49
FFD4
FC59
FE4C
02AF
076E
FFFE
08BC
0384
0863
0497
FF2F
FFD9
F8AD
FBEE
F7B3
F948
05BF
07AA
FCCA
0284
0496
0051
F778
FB24
0477
03DE
0055
052E
0A63
F977
040D
0714
0368
FAEE
08F0
0343
F999
01FE
FCDF
01B2
FBC8
F9EC
0116
FAF4
F7E2
F896
FEF1
0839
04D9
F71D
FDB5
03DE
0346
01C1
020D
00CF
F8C0
08B1
0295
0036
0836
F76E
FCE3
FF48
FC71
00FD
0C7D
FF5E
0646
0114
062A
FC31
F8A3
FF63
052B
054A
FC8C
FF0C
0063
0405
FBBD
0720
F9F7
FAF9
0172
044F
FE6C
FD08
0076
FEB4
0253
084F
07F8
056B
0268
06D3
0254
030A
0512
0092
0478
FE0C
FDB3
F885
FFCF
FF5D
0561
0204
FA07
025F
FFA5
0613
0897
FFC0
0699
FCFE
046A
0376
FC2F
F915
FD03
08FF
024C
08FF
FB83
0979
08A6
FE4C
F7BA
07D4
F975
003C
FA2A
F9FD
050E
FE89
037B
F72F
FCC7
FB0B
06D6
FAA8
F8B3
0062
FC2D
FE70
07B8
F8A2
05F2
F3BB
015D
FBFB
FD62
F5A2
FE06
0966
FAC6
01AB
FBC4
0950
FB5D
F447
019F
FE77
0169
02E3
FAB1
FEA8
FF9E
0433
FD84
FBFA
0707
F918
04EE
FD4E
F886
FAD7
014D
078E
0027
00AB
0F22
00A7
0638
011E
01C2
FEFD
02A2
F94F
096A
FE9A
FE6E
01E7
FB9E
F76A
FA8A
02FA
0032
FBFF
FB53
FEC8
03FE
FFBC
042A
09CB
F962
067B
F9F3
07D5
FE95
0108
050C
05F6
0350
FF8D
04E2
F7DB
045B
0405
FB56
FFDA
FBAD
FBBE
016B
0051
FBEE
FE31
0476
FF7F
FF17
FD9F
FFAD
0670
FF07
FA7A
0331
FAD7
FBB4
0735
FBC2
FA85
FF27
040F
FCB3
0431
0557
04C6
0016
04B3
0594
FE49
04DD
05D1
0266
0177
F8A9
FB1F
0492
06C1
FFB9
FFDD
01BC
0357
FE41
F78D
0023
0833
04CC
0771
FA62
F7F5
FF6A
FF64
08FD
06C3
08D2
07BD
090C
F931
F70F
FA69
0958
0566
EEBC
FACC
00BE
FD59
0340
F5C1
FB7E
03E5
02C1
02A6
FBDB
F8E3
FC03
0182
00DD
F921
076C
0408
0090
0896
008F
0640
0BEA
057F
FD1A
FD31
02E3
F94E
07C3
0228
09DF
FBA6
0BD4
07DF
F9E9
FFC8
FD37
05C9
0704
0014
0816
FF66
01C8
053E
FAAD
FB22
FF9C
FCC6
0009
0751
00AE
F999
0583
FF57
F9CA
07AB
FBCC
FA8C
FE17
03EB
FF9B
033B
FFD3
0096
047C
0153
F76A
05A6
0144
02BF
F828
F49C
02EF
F98F
06DF
FF17
014E
062B
F698
FBBB
00A6
0631
FB16
FF23
FFC0
FB0C
07FD
FEE4
0374
0671
FD4B
FBA1
048A
0291
FBE0
FC7B
F40D
FDED
FE3F
0221
FB91
0A27
0490
0149
FF0D
0300
FAC8
FBFC
024B
0573
0381
0028
081D
F9DE
02E2
FD18
0345
02F9
FC0B
F856
FA66
FB15
FBD7
F960
0918
00DA
F70F
069F
012E
F868
FA98
FBD8
FA6C
FDB3
08D1
FD66
F750
03C1
F99A
0788
FCD7
119B
FBB4
04B4
FF82
01F4
075F
FAA4
02B7
0798
FE26
05CD
06E0
FA7B
FFC1
F833
FBAF
0512
014B
078F
F77D
04A5
0780
FD08
0651
017F
0AF8
F3C8
F77B
0812
FF39
038F
FBD8
0A63
059E
0064
FAB4
FE9E
FA1F
F98B
F8F8
01F5
0335
0336
00C6
0398
0250
F9F0
FC65
0119
FE73
09C9
FC81
028D
04E7
FEB6
FE0C
04C7
FBFB
0931
01B8
FAC5
0470
07C5
FAE2
09EE
077D
FF32
F886
0217
F8F8
082E
FBB6
FEB4
FA52
04EC
FC27
018E
0BA6
FE74
FF83
F953
05D8
06D1
FFFC
FF61
06F4
F9D4
F9F7
016E
04E0
06EC
F9BE
018D
F768
FA06
FA80
0846
FC3B
FB63
FABC
FE09
05C8
0447
FEBA
FB34
FA45
05B8
04A2
0069
FC9A
063A
F707
003F
048F
095E
0E3E
0694
03F6
F792
004C
F740
01DD
FEC7
F327
02F7
00DF
03ED
FEB3
0AE9
0C8B
FF30
0172
043A
FA42
01BB
00D2
0584
F9B3
07B0
FD63
FF50
07A5
0571
094B
04B8
F7A3
FA30
F8B8
FEA8
053F
FDBE
FE14
069B
FFC0
0625
F9B7
03C3
FE64
FA38
0922
0220
0053
FDFE
FC15
0620
0240
F92D
01E9
FB44
FB74
07D8
07A4
FC35
FE64
03A4
F890
050B
FBCE
FB9D
0374
FD56
FD86
FF50
03FB
0763
FE8D
F99A
FF0D
FE4D
FA7F
FFFB
036F
F8C9
0329
01D5
086C
F7F3
FBB5
F9EF
033D
FFAE
FA08
0152
F826
05E2
FC68
04F0
FE70
03E8
023F
FE1E
035F
0893
FDF2
FC4E
0022
062E
036E
F546
006D
F8A8
0CB8
F75A
07B9
0640
FDEB
0465
FC99
F90D
FC9E
041D
0A87
0390
F304
0035
FCBA
FD67
0500
FAD2
F99C
024D
F77A
FE02
0094
0404
FE11
FD06
FAF8
02C8
FA51
FD55
F636
0367
0103
03A4
0720
0D7B
0764
06A7
018C
04E6
FB5D
0289
FED1
01C6
FB5E
0934
052D
02B3
086C
FAF4
00F2
0811
06C1
07B4
0590
0257
08BD
FAE5
0128
03A6
09C5
FD11
04E7
FD17
FE6A
FF9D
07B8
FE10
03AB
FADE
001F
034A
FA69
0731
039E
FCCD
F99A
FEBF
FACD
FE3E
077A
F801
00B4
F7B2
FFDD
FF8D
0066
01B6
F956
0995
FC87
0606
FCDF
F7CD
012F
FB6A
095C
F9FD
FD62
F72E
FE54
FD7E
0894
FD7B
F61A
03B5
FFC2
0533
0955
FA2D
0A04
0247
0727
F6C3
FDAD
F867
FC63
F9FD
04E2
0379
F699
FC9E
FC77
F8B3
04E7
FEC1
FB53
FFAD
098E
0A55
013D
FE5F
F72E
F6CC
FF24
FF85
0474
F4DB
FF02
0857
F94A
04B0
009A
FF4D
0519
F571
FEBF
090A
F879
FA81
F6C1
0962
F93C
03F1
0106
0015
F976
F4BC
010C
007C
05A4
F999
0703
078E
01BC
0217
F92C
F8D7
F79E
0132
09A9
05B6
FEE8
013E
FD51
0489
FB4F
02DF
F947
0099
00E4
FC75
FF0F
FFE8
0792
FB7E
FE32
FF9B
0C6F
00B4
F3C2
00A6
06B7
FEE4
0142
F4EF
06EB
FC0F
01B7
034C
F942
FBFA
FE7D
05AD
0113
017A
FE20
0043
FED6
F5EC
FFFD
0085
02F7
038C
F821
03B5
F7F7
FD13
0642
0212
F718
F909
FB30
FB1B
FDC9
012F
FF90
FC87
02EC
F9CB
0532
02F3
06D1
00BC
0669
01D5
FFD7
0418
F7A3
FAFD
0036
FDD9
FF27
FF9B
01CB
00C0
FAB8
03A6
FE4E
FB54
F8DC
0423
06F2
07C5
02A9
F9F6
0179
FF1E
00D0
F701
F7DA
FDE6
03BD
FC68
FAB3
06FF
0A17
F63C
F5E5
FB0B
0505
032E
07B5
FF00
F9BC
FCC3
F947
04F2
018C
F8DA
FBA9
00B3
FD98
FB34
0410
06C7
09BC
FE43
FD37
FCD1
03E2
FBB2
FD88
0449
FD71
F9C9
081C
FA94
04A7
0216
027D
F8F0
05BE
0AD7
FBA4
F83D
FF72
FC53
FE18
04AB
F584
0293
013D
FC2C
FC30
03F5
0157
04DE
02A2
0029
049B
F95F
018A
F7A3
033A
06B7
0296
FFA0
08DA
0168
F98E
049A
0041
09A3
027E
06F9
087C
07F9
FEC2
FF79
051D
05B1
022D
04A4
04BD
020C
FBBB
FB75
0244
FF02
FB33
062B
055C
0295
F859
FAE8
F82C
FEDC
FFFD
06F6
FC17
FBCD
F9AD
0705
019F
F8E3
02E9
F993
FAC1
0275
FEF6
0801
F5A0
FC6F
FEFB
F86D
F7F9
FB16
F73B
06C9
FB8C
053D
FDBE
FEDA
FC01
06D9
00D2
FAB8
FDB8
0B86
00F8
FA9F
06C8
FFF2
FAED
0154
FB2A
FCF9
FB6B
F80D
03DA
FEA1
F68E
F9C8
FE59
05F7
00BE
03D0
005E
FA49
023F
004F
017C
039E
0482
FF45
FD9D
05FE
FD01
F8E5
FB1A
0096
0590
0072
01F6
033A
0725
061D
0610
FABA
0660
FE0C
068E
0080
F961
04B4
0C4F
F815
0755
FD34
05FD
F9E5
09DA
03FA
084C
0967
FC60
F8C2
06DE
FEAF
F953
01EE
FD25
0678
0677
F8A5
FA85
09AE
F7FB
F5A3
01EF
0279
F90A
0463
07F7
068A
00AA
0675
0562
FAE0
0790
FECC
FED9
FF83
05F8
FF1D
055B
09EF
FC6E
04A9
FEF2
02B1
FCFC
F840
0CC1
FB59
FDDF
06DD
00A3
FD90
0147
FAF9
FF6A
0188
FC86
052D
0007
0411
FD1D
037D
04BB
F55A
F865
F85A
020D
0855
056E
0592
F95A
0309
01E5
FCD9
09DE
FD32
FF27
04DC
FC05
FC27
00A4
F77B
093C
F439
FF4F
049D
0228
FBF0
06D7
09DD
FE2C
01D4
0089
FE97
FD7C
FDB6
04FC
F543
F4AF
F942
EF53
FA42
FB2E
0161
FDB6
01DF
00EE
FA2D
084A
02BA
FB73
FB51
FF40
F874
06C7
00C8
0336
FEB3
0353
04EB
0507
0296
05DE
0360
F8BD
0078
0073
070D
0AC4
00DC
0744
FBD8
F84A
084B
FBD2
020A
F877
02B3
FB91
0824
084D
04A3
FB4A
024B
F92F
FCE5
05E0
F7A5
FBF1
0461
0493
0234
0540
01EA
0371
FB5D
09FB
0624
0669
FE08
04B3
007A
02A2
0185
04D4
035F
09E4
0802
02A3
0080
F9B9
0A5C
FD79
FF82
FF7A
FF62
060B
09D6
FA88
0353
00B6
032C
09E3
00DF
03E1
00AE
088D
01E4
FF25
08F2
0042
02A7
FDCC
08A1
01F4
01E5
FD00
000A
FAE9
0664
FD17
FEE7
00FD
067D
06D2
F766
0631
F844
012A
068A
F2BF
FD9A
F175
034B
FCA6
005B
FEC9
FFFC
0032
FEF1
FBAF
02D4
FAA5
0500
F827
F5A8
FB8A
FFD5
F908
001E
F425
0098
F7AD
03C1
FD3E
0826
04E6
FE63
0A28
FFE9
0661
009D
FB7A
033A
0704
FCD1
047D
F0AA
0939
02A6
FD3E
FFD3
05D0
040D
F97B
0550
02D4
F9B5
F745
FE3D
FC7A
0130
F965
F87F
0702
0045
047F
02E7
F72F
00A7
056B
FC51
009A
FCBD
FA3F
FCBD
0213
045D
F9BD
F9CC
FCB0
060A
FB06
044E
FD43
FF4D
0457
FD50
0020
039E
FC1B
F7FE
06D0
0713
0229
F5D1
081D
048E
01DA
083E
FD79
F99C
FEBA
00D3
0925
036A
008C
04AA
FB7C
FF3D
074B
F973
FE47
FBF6
0305
0563
FD26
FE2F
F7B2
044E
FD19
FF4D
F56B
F8D7
FC42
FC2F
FBF7
039B
FECB
07CB
01AD
FDB4
0316
F995
013B
00C0
001A
FF29
063B
06C9
04B9
0763
F8A3
FEFB
FC48
0278
03B7
FD18
05CF
F6E4
04DB
01E4
0942
FF02
F892
00ED
034D
0F97
FDE6
0504
FFFE
0D93
073C
FB22
09B3
FFC3
045E
FAD1
F8DB
054B
0573
0B86
FEC8
00D1
FA10
0472
FB5C
0707
FAA3
0436
0471
F7F2
0163
075C
F8BE
0009
FEB7
F9B8
FCE2
06A0
013B
0402
FABC
FA28
005C
01A2
0609
FE90
01B2
088B
05DB
0041
FDC7
0512
0973
00DD
FC48
0728
07CD
FBB5
FC65
0442
0862
FD07
019F
00F4
02B6
FAEB
F52C
014C
F9FF
FB29
07C3
0685
01D6
04C7
0B99
F8E3
FB08
0081
0448
098F
F64D
FDAE
011D
0557
0556
FC14
04DE
F533
FB00
FADE
0042
FFF1
FBC8
FA02
05C4
08E0
05BE
FF34
020E
0530
FD88
0521
0528
0718
04B7
01CB
F9C1
FC94
0966
F5AC
F764
0501
0496
FB8E
0719
F6E2
FB46
0446
F9B0
F938
FC9F
0234
0256
F72B
F547
FB6F
F9B8
0694
FF88
0541
F842
F5A4
079C
0C23
0702
F5B6
0523
064A
FC18
019F
0450
0156
FAAF
F9AC
0070
FD20
F8DE
03AB
FF14
0701
F962
FB14
0354
0521
FA9D
FB3C
FC3F
02C9
03F0
049F
FFAE
FD9B
02FA
0145
FE51
FFB5
072D
FB55
075D
FE91
03EA
FE83
0550
05F1
FB3E
F8BF
FDD8
FBA2
03E2
F747
FD17
FC05
F686
F9F7
FED0
010F
0435
FE54
028C
FA52
FE89
06CB
051B
FB29
0254
FDB2
081D
08EC
0144
05B4
FB56
0245
0530
FBE2
FA06
036E
FA89
074B
0A07
005B
0799
002E
03BA
FA1C
FC57
0174
FA93
0CBF
066B
F942
FE93
03F1
F737
01B6
F59A
023C
01CA
082D
F4AC
0686
0046
01CA
024C
015E
095D
0860
034A
004E
00C1
03CE
0400
056F
FC6F
F11B
056F
FDFD
0693
06AF
FD09
0971
036B
FDC5
FA5D
0628
0742
06E1
FC2B
FDF5
025E
05B2
0445
0993
0281
045D
FBE4
0350
0564
FFC3
F79C
00EA
052A
F9C2
0430
03C7
FE92
02F0
051F
F881
FB54
FE01
08E4
08FB
F406
FB65
FAF5
08CF
095C
0157
FE59
069D
FED3
09B3
0324
FAE7
FD60
F07E
046E
FCC2
FA21
00F8
FAAC
0D16
F988
FE97
0540
08E5
0163
04CC
FB3B
0426
FEEB
F76D
FF2E
FDAA
02B9
053B
03F6
0159
031B
09FD
01B1
01AA
049B
0485
03A0
087A
07B1
F90A
06C7
0530
0660
0816
022C
06F1
F9A1
0585
051B
054A
FC3C
005C
F934
FB0F
FAF4
062D
0244
004C
085A
FCAB
06E7
08B6
0078
009D
02B4
0640
0535
F9F6
FB09
FEE0
045D
FA73
FF13
0239
FE25
08F8
F8E6
FD97
FCAC
FCF6
0740
FB5E
057E
F45B
F764
F749
06B3
FA15
FF57
FEE1
F8A5
FE11
FCCD
F89D
063C
FA04
FF03
FBA4
0E5F
F906
FD04
F8CB
FDD9
033E
F998
00A2
049D
FBBE
0550
04CF
05C2
03E4
F8DC
02AB
04D9
FA94
FE8C
06DA
F9E2
0210
F9FF
F9AA
0130
F66C
066C
0182
0101
FE68
0863
05FC
F819
FB16
0205
FD9A
F5EA
FEFE
033D
0884
07F0
FAF8
011E
038E
F5EF
008E
F9D7
06AC
FE13
0468
03A0
FB72
0A08
067B
06E9
FC78
FDDF
06E4
FFAF
FDE4
0447
F8F1
F9E8
FAA8
FA75
FA31
FC87
F86B
F828
F42E
FD02
0016
FF42
05F9
0197
0467
F6B5
F941
0759
06C9
0657
FE7A
FF9D
F67A
069C
F53B
06FD
055A
04D4
FC9F
06DE
FE8B
FFC1
F880
F9ED
FA38
F728
F909
FFA8
081E
021E
F39B
06D2
F9A6
FD54
FBD0
0727
02F8
06C1
FE13
0614
FBD3
FA12
FDB3
0CF8
03E6
FB66
023E
FCE2
05CC
0388
067E
061B
0552
FAA8
FD46
FA00
0573
FD5C
FE1B
F83B
F640
0311
02A8
0795
05AB
0104
0257
044B
F300
FC9E
07C2
077D
FF82
FD82
0661
FC65
0091
06DC
0869
015F
05A6
FBD9
FA3C
FC67
0210
0828
06E8
069A
007C
FD6F
0118
03BC
FC4F
059F
0338
FA26
F952
00F0
066C
F9F8
08A3
FC4F
F90E
F9CB
0041
FD3D
062F
055D
FF12
02AE
0483
F748
0770
060D
0C56
063B
04A6
F7A8
0879
FE4F
F898
05E5
007F
FF8A
FA25
FF78
027D
F9D7
F7B1
F83A
0159
F9FF
0377
FB15
0390
0744
0440
F75B
071C
FFF8
0112
0013
01BB
0341
0121
01AD
0EA1
073B
076F
0061
02E2
037E
0080
F912
03FE
FB7A
FCBC
FB3D
F977
F791
FB1C
04E7
FC8C
FAF0
FB9D
F7E7
0901
0947
FE23
0235
FD90
027C
FBE8
F7E8
04AF
05F8
0065
F8CA
0407
FD48
036E
F731
01FF
FCC1
0186
F55D
FBCC
097D
080D
0165
FCBD
F614
0550
038E
03B6
0899
FCD7
04EA
071C
FE31
0063
02A8
FF8C
F921
F822
06AC
F693
0497
FBFB
0178
0688
FDB7
FBC9
FE35
0558
02B5
F89E
01EE
0694
FED7
0274
04CC
0424
FC10
0412
FC9E
FB29
F760
0136
0634
082D
005B
FBC2
07F0
F9F4
019E
034D
FCC3
0018
02A5
FEBD
076B
FDC7
0026
F90E
FFFD
02F1
FFD2
0366
FEAF
00AD
05AA
02D3
FFC6
09CA
FE88
011B
0475
FADF
0487
0442
0B40
01C4
0275
FF49
0651
05FD
F700
FB11
006B
01AD
00F9
FA84
FE80
F5BB
04B0
FB03
0031
0577
FE9E
08C9
FC42
FB96
06C4
0239
FE5D
08F6
FE4C
0814
084F
FE12
FDFC
FE76
054E
F750
FA65
FDA4
FBC9
F1DC
FF76
0791
FB2E
F70A
F74B
FF7A
0812
0319
05DC
06B6
FE65
FA57
FB3E
F193
FA73
09FD
FCFC
F60B
F200
0415
0281
F697
F773
F982
F732
FD21
0007
FA8E
068D
010C
044E
F85D
FC94
FD57
0708
F752
FB9F
F0BD
052C
03B2
FA7A
FAEB
FE9C
0061
FE8B
01D6
F765
FAC9
FECB
064E
FD20
FF59
0CC9
054C
FE29
08B1
FCAE
0977
FE1A
F944
FB8E
02C9
0FD5
05F0
FC38
FA45
06BF
01BF
FA1E
FDA6
04EE
04BC
05E9
FA4C
0E8B
FFDC
F7C2
FA85
088D
032D
007A
04FA
00FE
0726
091A
F92E
FE49
F936
00B3
FB3E
F3E8
037A
036E
FC49
04CF
07A2
02BC
0448
FC90
FEF3
0137
F90B
055E
0779
00B2
007C
04D7
FDEA
FF67
0180
F840
F9FE
FF72
F673
033A
008D
0A88
FB34
F99D
06CD
05E4
FBAD
0E0F
FF2C
FB5C
FC82
FCCD
FC04
0B43
FD84
043E
0965
FB99
FD11
0450
F4CE
0060
00EC
0685
F9F9
F651
08F9
0540
FE15
001F
FEB1
0241
0783
0AAF
F9FC
F16F
F60D
01AF
08F1
F9A9
0089
0784
FF59
F767
073D
FBF8
FC82
0CA6
00B8
0314
F9B8
018D
0168
017F
017A
098E
0B18
03D4
0466
FDF6
F868
FFDB
FE3D
F4ED
0622
0A74
08AE
FDA5
0081
00D0
F5CA
FD8B
04CB
058B
FAFA
0932
FDEC
0146
0BEA
FFF9
FB97
F508
0B31
F976
04F6
FB27
08FC
F6C2
07EB
FE02
FC01
0C88
04C1
F87C
FD34
FCB8
FCF0
FB37
05C0
FB43
FEEE
0164
0213
F8D2
0238
F628
FD47
FC5D
032F
05A9
FEB6
05AB
F62E
FE68
F4CB
FF80
F88C
FA26
FAF3
F532
0166
F6D5
F5BE
FBA3
F10B
05AC
FBC2
08DE
0114
0092
FCF3
F865
0602
0843
0B8A
01AC
FD66
0AFB
0774
019E
0515
F5E7
0B4E
00D7
09A1
06B8
FE3C
058D
FEE2
0214
FB15
0483
FB74
FD5A
08FF
02CA
047F
043E
1131
0634
FA6D
09A2
0CBB
0521
FFE5
FEE3
0155
FA74
02E8
FFC5
FCEF
0B09
04D2
F7EC
062B
0310
0323
F96D
0095
02E5
00D6
FEE6
071C
01DA
FC3B
F4FD
0270
041E
FE64
0670
FBC9
FC4F
FE19
FC51
F90E
066C
059D
0426
05EC
081D
FF48
0188
01AE
F572
083E
FE61
0929
FD93
FBF7
F874
07DD
FC3F
FED8
FD22
F894
FCA7
0523
FE3C
0543
F785
FD85
0607
0368
01FC
FCD1
F848
0205
0380
FB7D
FC08
0142
0859
06F2
F673
07DB
021E
FF38
0943
0266
07E4
FF24
FFF7
FDEE
04BE
FC81
F8BC
F383
00A1
FD18
0904
FFCA
0385
01E7
FDBB
05EF
0959
0783
FA45
026B
0266
FAF4
026D
F47B
F423
03ED
FD2E
FDDA
FB19
F87B
FA0C
03BB
FD27
0598
0367
F6D4
FD78
FDE0
FF2C
F4C5
06C0
0719
08B0
0398
FA55
01A1
0283
FA16
FA2F
FD47
F8B9
0416
0455
FFCC
09DE
FE71
FD2B
07E2
FEB8
FD8F
FE9F
028E
FAD4
029B
04BD
00E0
F975
FB53
0542
FE8C
FA6E
00FC
001A
F958
0927
06DF
0138
08A8
08E0
0632
052B
00B4
051B
04EF
FF3B
FEC4
0044
03F9
FF67
F22F
05DF
02BC
05E7
FFE0
FC43
0073
F7A0
00F4
033D
0840
08D7
007C
055F
0417
0372
FC56
017A
0887
F86F
082E
01DE
084E
0524
04D5
021D
FDFD
04EC
F826
FC05
FFDA
FFC0
00AC
0001
F74D
08DE
0096
02AC
F623
03C5
08E1
0571
0BFB
03E0
FA94
068E
0246
FE6C
FC2B
01CA
025C
0752
0D4B
015D
03B0
08EA
053F
FC9C
F837
0F6F
FF11
05F0
F82A
F93D
FF27
FE33
0264
FC1D
F3EA
0B83
FD46
F971
FBD6
F945
FADD
03C2
0614
0C3A
01A4
F64B
FE20
FFE7
FF72
F57A
0206
09B8
0FB3
034D
F9B4
FBB2
FFE2
F6F8
FF61
FC0B
0035
02F4
FB09
F82D
000E
FCB7
FD9A
0122
06EB
04F3
03F9
FF3E
F858
FCF2
F816
0404
08B3
FF81
FE34
F9CC
FCCF
06CF
FC14
065F
F942
F862
08BB
0A57
FCBB
F7D6
040B
FE89
FF7C
017A
FE22
0AB2
01B2
FEB2
0499
04F2
FDAB
051F
08ED
054D
F7AF
F7C4
03C2
0842
FDDD
FF1E
F8D7
007F
0009
FE13
F9B9
0556
FE11
FD70
FCB6
0796
0174
07C6
0358
FD18
FCC2
0654
F759
0804
FC32
06AE
FC1E
F6F2
0792
0745
FB78
0015
FD77
F5BC
0485
FBAF
F76E
078F
0C2C
F80B
FB6F
FC75
F7F9
F886
0996
0467
02B8
FD7C
0B52
079C
F946
0360
010D
0240
FE21
0752
FFC7
064F
F943
FC53
01F2
0704
F796
043B
0585
FD24
057A
0040
096F
FFFC
FA27
0501
0407
0623
FD13
047E
0C5C
FEB1
FC19
F9AB
0525
03BC
F911
0798
F96F
0025
047D
F510
071F
FD9A
F665
FC55
027C
FE27
06D2
05C6
FC6F
FA33
09A1
007E
0E96
0B2D
FEA7
095C
FA91
0195
FE96
FDDB
FBBD
0586
0ACC
0082
F9B1
0612
08CD
06BB
023F
FDAF
0514
FFEB
0B8D
0518
02C4
F838
FA8B
045F
FE9B
FE51
07D7
FF4A
F95F
05C2
FC93
018E
02DA
FBFB
F7C2
FB7C
FD16
0016
0786
0240
029C
FDD9
FAFB
FB91
F5C0
FBF6
0049
FC1E
0801
02C5
086E
FEE1
F6C6
F9E0
014B
068A
FE81
063D
0178
FA78
0670
031E
07AE
029E
FD6E
FE98
FC58
0053
FE8F
08F2
FCD9
0753
02D8
FB67
088D
FE8E
0B72
066F
00ED
F9FF
FE56
FB71
FCA2
075A
F8FE
F918
05BD
0AE8
F7E3
0CA5
0718
FCFA
FE51
062D
073C
021A
02DE
0BC5
0161
0144
0026
F9E5
FB87
051D
FE2D
FE27
0427
0826
F8C0
00B8
FB81
FE38
0654
FFE0
FA1B
08BC
059E
02D6
0A1A
FF86
FDA6
05A5
04BE
F242
FBDD
FF52
FC7A
03E4
FE04
043B
F90E
06C1
F83B
044A
FEBF
FD54
F7F3
04E4
F958
FFAB
08A2
F4C5
051D
F9A2
F71E
F85B
00C1
0650
FD8C
0744
01B9
FDCE
FF2B
00B2
0551
084C
FAA8
FE13
FFF1
FC70
03BE
F6EF
053B
0115
07E9
091A
0412
051F
F8AA
FE48
082D
F94E
026C
FC39
09DA
F99A
0235
FC9E
0CBC
FC2A
FBF5
03F9
0222
0520
016D
022D
FFB5
00DD
FCE3
F948
F49B
0097
F6EB
0068
038C
0443
0686
FDEF
F921
F8E2
F3EB
FD11
0234
0734
030E
00AF
F9F3
FFA6
0664
04EC
FE06
075E
FB20
06DD
03E5
FE1A
057A
F849
FCDC
0690
F79C
F9E4
0066
0249
00BA
0296
FB17
0001
FEC4
FB09
0599
F6E5
FF27
0029
F8E8
FB5B
FC9F
0578
FC03
FADD
0144
0816
FCE7
052A
00B5
FA7C
FDA3
FE3C
0091
FE8D
0393
FC13
F88D
053B
032F
FF71
F7A9
FD5A
064B
0781
044D
FAB0
F314
05C6
054E
0395
FAF9
04F5
07A4
038C
04EB
052D
F97F
02AB
FF2F
FBC9
0245
069E
F608
00FE
03A7
FA88
057B
00ED
03DC
F8F4
049F
0585
FB60
F9F2
FEF0
FFAE
FF36
FBD4
0781
0830
0A52
00E7
FDD7
FB1F
0152
FC9A
007B
0751
FDFA
FC8F
FA6B
0580
0785
044A
FE98
006C
FB78
FBAC
0238
FD2F
00AD
090D
014A
FD14
FA1F
F844
F8A9
FC56
00EF
FEE9
F979
FE9B
07E3
06D1
F83E
0885
F8D9
037E
026E
FE3D
FCB0
0487
03CA
06E6
028A
0001
F8FB
019E
03E3
FD65
0348
05B4
FBF5
F7FF
0058
FA6D
FD55
FF86
F77C